CREATE DATABASE  IF NOT EXISTS `intercityexpress` /*!40100 DEFAULT CHARACTER SET utf8mb4 COLLATE utf8mb4_0900_ai_ci */ /*!80016 DEFAULT ENCRYPTION='N' */;
USE `intercityexpress`;
-- MySQL dump 10.13  Distrib 8.0.34, for Win64 (x86_64)
--
-- Host: localhost    Database: intercityexpress
-- ------------------------------------------------------
-- Server version	8.0.34

/*!40101 SET @OLD_CHARACTER_SET_CLIENT=@@CHARACTER_SET_CLIENT */;
/*!40101 SET @OLD_CHARACTER_SET_RESULTS=@@CHARACTER_SET_RESULTS */;
/*!40101 SET @OLD_COLLATION_CONNECTION=@@COLLATION_CONNECTION */;
/*!50503 SET NAMES utf8 */;
/*!40103 SET @OLD_TIME_ZONE=@@TIME_ZONE */;
/*!40103 SET TIME_ZONE='+00:00' */;
/*!40014 SET @OLD_UNIQUE_CHECKS=@@UNIQUE_CHECKS, UNIQUE_CHECKS=0 */;
/*!40014 SET @OLD_FOREIGN_KEY_CHECKS=@@FOREIGN_KEY_CHECKS, FOREIGN_KEY_CHECKS=0 */;
/*!40101 SET @OLD_SQL_MODE=@@SQL_MODE, SQL_MODE='NO_AUTO_VALUE_ON_ZERO' */;
/*!40111 SET @OLD_SQL_NOTES=@@SQL_NOTES, SQL_NOTES=0 */;

--
-- Table structure for table `coaches`
--

DROP TABLE IF EXISTS `coaches`;
/*!40101 SET @saved_cs_client     = @@character_set_client */;
/*!50503 SET character_set_client = utf8mb4 */;
CREATE TABLE `coaches` (
  `Coach_no` varchar(50) NOT NULL,
  `Mileage` double DEFAULT NULL,
  `Last_maintained_date` date DEFAULT NULL,
  `Capacity` int DEFAULT NULL,
  `Train_id` varchar(50) DEFAULT NULL,
  PRIMARY KEY (`Coach_no`),
  KEY `Train_id` (`Train_id`),
  CONSTRAINT `Coaches_ibfk_1` FOREIGN KEY (`Train_id`) REFERENCES `trains` (`Train_id`)
) ENGINE=InnoDB DEFAULT CHARSET=utf8mb4 COLLATE=utf8mb4_0900_ai_ci;
/*!40101 SET character_set_client = @saved_cs_client */;

--
-- Dumping data for table `coaches`
--

LOCK TABLES `coaches` WRITE;
/*!40000 ALTER TABLE `coaches` DISABLE KEYS */;
INSERT INTO `coaches` VALUES ('COACH001',4500,'2023-04-15',30,'T001'),('COACH002',2300,'2023-06-22',30,'T001'),('COACH003',3100,'2023-02-10',30,'T001'),('COACH004',5200,'2023-08-05',30,'T001'),('COACH005',1800,'2023-11-30',30,'T001'),('COACH006',3900,'2023-09-18',30,'T001'),('COACH007',5500,'2023-01-25',30,'T001'),('COACH008',2900,'2023-07-12',30,'T001'),('COACH009',4700,'2023-03-08',30,'T001'),('COACH010',1500,'2023-10-20',30,'T002'),('COACH011',4100,'2023-05-07',30,'T002'),('COACH012',2700,'2023-12-14',30,'T002'),('COACH013',5800,'2023-04-01',30,'T002'),('COACH014',2000,'2023-06-29',30,'T002'),('COACH015',3300,'2023-02-17',30,'T002'),('COACH016',5000,'2023-08-11',30,'T002'),('COACH017',1200,'2023-11-26',30,'T002'),('COACH018',3500,'2023-09-04',30,'T002'),('COACH019',6000,'2023-01-11',30,'T002'),('COACH020',2600,'2023-07-28',30,'T003'),('COACH021',4900,'2023-03-16',30,'T003'),('COACH022',1700,'2023-10-03',30,'T003'),('COACH023',4300,'2023-05-20',30,'T003'),('COACH024',3100,'2023-12-27',30,'T003'),('COACH025',5400,'2023-04-08',30,'T003'),('COACH026',2400,'2023-06-15',30,'T003'),('COACH027',3800,'2023-02-03',30,'T003'),('COACH028',5100,'2023-08-26',30,'T003'),('COACH029',1400,'2023-11-13',30,'T003'),('COACH030',3200,'2023-09-01',30,'T004'),('COACH031',5700,'2023-01-18',30,'T004'),('COACH032',2800,'2023-07-05',30,'T004'),('COACH033',4600,'2023-03-22',30,'T004'),('COACH034',1900,'2023-10-09',30,'T004'),('COACH035',4000,'2023-05-26',30,'T004'),('COACH036',2500,'2023-12-03',30,'T004'),('COACH037',5300,'2023-04-16',30,'T004'),('COACH038',2200,'2023-06-23',30,'T004'),('COACH039',3600,'2023-02-11',30,'T004'),('COACH040',4900,'2023-08-06',30,'T005'),('COACH041',1100,'2023-11-30',30,'T005'),('COACH042',3400,'2023-09-19',30,'T005'),('COACH043',5900,'2023-01-26',30,'T005'),('COACH044',3000,'2023-07-13',30,'T005'),('COACH045',4800,'2023-03-09',30,'T005'),('COACH046',1600,'2023-10-21',30,'T005'),('COACH047',4200,'2023-05-08',30,'T005'),('COACH048',2900,'2023-12-15',30,'T005'),('COACH049',5600,'2023-04-02',30,'T005'),('COACH050',2100,'2023-06-30',30,'T006'),('COACH051',3300,'2023-02-18',30,'T006'),('COACH052',5200,'2023-08-12',30,'T006'),('COACH053',1300,'2023-11-27',30,'T006'),('COACH054',3700,'2023-09-05',30,'T006'),('COACH055',6000,'2023-01-12',30,'T006'),('COACH056',2700,'2023-07-29',30,'T006'),('COACH057',5000,'2023-03-17',30,'T006'),('COACH058',1800,'2023-10-04',30,'T006'),('COACH059',4100,'2023-05-21',30,'T006'),('COACH060',3000,'2023-12-28',30,'T007'),('COACH061',5500,'2023-04-09',30,'T007'),('COACH062',2400,'2023-06-16',30,'T007'),('COACH063',3900,'2023-02-04',30,'T007'),('COACH064',5100,'2023-08-27',30,'T007'),('COACH065',1000,'2023-11-14',30,'T007'),('COACH066',3200,'2023-09-02',30,'T007'),('COACH067',5800,'2023-01-19',30,'T007'),('COACH068',2800,'2023-07-06',30,'T007'),('COACH069',4600,'2023-03-23',30,'T007'),('COACH070',1700,'2023-10-10',30,'T008'),('COACH071',4300,'2023-05-27',30,'T008'),('COACH072',3100,'2023-12-04',30,'T008'),('COACH073',5400,'2023-04-17',30,'T008'),('COACH074',2200,'2023-06-24',30,'T008'),('COACH075',3700,'2023-02-12',30,'T008'),('COACH076',4900,'2023-08-07',30,'T008'),('COACH077',1200,'2023-11-30',30,'T008'),('COACH078',3500,'2023-09-20',30,'T008'),('COACH079',6000,'2023-01-27',30,'T008'),('COACH080',2600,'2023-07-14',30,'T009'),('COACH081',5000,'2023-03-10',30,'T009'),('COACH082',1900,'2023-10-22',30,'T009'),('COACH083',4000,'2023-06-01',30,'T009'),('COACH084',2500,'2023-12-16',30,'T009'),('COACH085',5300,'2023-04-03',30,'T009'),('COACH086',2000,'2023-06-30',30,'T009'),('COACH087',3400,'2023-02-19',30,'T009'),('COACH088',4800,'2023-08-13',30,'T009'),('COACH089',1100,'2023-11-28',30,'T009'),('COACH090',3600,'2023-09-06',30,'T010'),('COACH091',5900,'2023-01-13',30,'T010'),('COACH092',3000,'2023-07-30',30,'T010'),('COACH093',5500,'2023-03-18',30,'T010'),('COACH094',1600,'2023-10-05',30,'T010'),('COACH095',4200,'2023-05-22',30,'T010'),('COACH096',2900,'2023-12-29',30,'T010'),('COACH097',5600,'2023-04-10',30,'T010'),('COACH098',2100,'2023-06-17',30,'T010'),('COACH099',3300,'2023-02-05',30,'T010'),('COACH100',5200,'2023-08-28',30,'T001');
/*!40000 ALTER TABLE `coaches` ENABLE KEYS */;
UNLOCK TABLES;

--
-- Table structure for table `maintainance`
--

DROP TABLE IF EXISTS `maintainance`;
/*!40101 SET @saved_cs_client     = @@character_set_client */;
/*!50503 SET character_set_client = utf8mb4 */;
CREATE TABLE `maintainance` (
  `Maint_id` varchar(50) DEFAULT NULL,
  `Service_date` date DEFAULT NULL,
  `Coach_no` varchar(50) DEFAULT NULL,
  KEY `Coach_no` (`Coach_no`),
  CONSTRAINT `Maintainance_ibfk_1` FOREIGN KEY (`Coach_no`) REFERENCES `coaches` (`Coach_no`)
) ENGINE=InnoDB DEFAULT CHARSET=utf8mb4 COLLATE=utf8mb4_0900_ai_ci;
/*!40101 SET character_set_client = @saved_cs_client */;

--
-- Dumping data for table `maintainance`
--

LOCK TABLES `maintainance` WRITE;
/*!40000 ALTER TABLE `maintainance` DISABLE KEYS */;
INSERT INTO `maintainance` VALUES ('MAINT001','2023-04-20','COACH001'),('MAINT002','2023-06-25','COACH002'),('MAINT003','2023-02-15','COACH003'),('MAINT004','2023-08-10','COACH004'),('MAINT005','2023-12-05','COACH005'),('MAINT006','2023-09-20','COACH006'),('MAINT007','2023-01-30','COACH007'),('MAINT008','2023-07-15','COACH008'),('MAINT009','2023-03-13','COACH009'),('MAINT010','2023-10-25','COACH010'),('MAINT011','2023-05-12','COACH011'),('MAINT012','2023-12-20','COACH012'),('MAINT013','2023-04-05','COACH013'),('MAINT014','2023-07-01','COACH014'),('MAINT015','2023-02-22','COACH015'),('MAINT016','2023-08-15','COACH016'),('MAINT017','2023-12-01','COACH017'),('MAINT018','2023-09-08','COACH018'),('MAINT019','2023-01-15','COACH019'),('MAINT020','2023-07-30','COACH020');
/*!40000 ALTER TABLE `maintainance` ENABLE KEYS */;
UNLOCK TABLES;

--
-- Table structure for table `passengers`
--

DROP TABLE IF EXISTS `passengers`;
/*!40101 SET @saved_cs_client     = @@character_set_client */;
/*!50503 SET character_set_client = utf8mb4 */;
CREATE TABLE `passengers` (
  `P_id` varchar(50) NOT NULL,
  `P_name` varchar(60) DEFAULT NULL,
  `P_age` int DEFAULT NULL,
  `P_Phone_no` double DEFAULT NULL,
  `Discount_offered` varchar(20) DEFAULT NULL,
  `P_category` varchar(60) DEFAULT NULL,
  PRIMARY KEY (`P_id`)
) ENGINE=InnoDB DEFAULT CHARSET=utf8mb4 COLLATE=utf8mb4_0900_ai_ci;
/*!40101 SET character_set_client = @saved_cs_client */;

--
-- Dumping data for table `passengers`
--

LOCK TABLES `passengers` WRITE;
/*!40000 ALTER TABLE `passengers` DISABLE KEYS */;
INSERT INTO `passengers` VALUES ('P001','Amit Kumar',35,9876543210,'0','adult'),('P002','Priya Singh',8,8765432109,'25','children'),('P003','Raj Patel',42,7654321098,'0','adult'),('P004','Anjali Gupta',68,6543210987,'10','senior citizen'),('P005','Vikram Sharma',25,5432109876,'0','adult'),('P006','Mira Desai',10,4321098765,'25','children'),('P007','Arjun Mehta',55,3216549870,'0','adult'),('P008','Kavita Khanna',30,2109876543,'0','adult'),('P009','Sanjay Verma',22,1098765432,'0','adult'),('P010','Ananya Bhatia',5,8901234567,'25','children'),('P011','Karan Saxena',48,6789012345,'0','adult'),('P012','Aarohi Joshi',18,5678901234,'0','adult'),('P013','Vishal Agarwal',60,4567890123,'0','adult'),('P014','Priya Singh',11,3456789012,'25','children'),('P015','Harish Reddy',40,2345678901,'0','adult'),('P016','Sanya Mehra',70,1234567890,'10','senior citizen'),('P017','Rajesh Tiwari',28,8765432109,'0','adult'),('P018','Kavita Kapoor',38,7654321098,'0','adult'),('P019','Varun Verma',17,6543210987,'0','adult'),('P020','Deepa Rajan',50,5432109876,'0','adult'),('P021','Prateek Sharma',8,4321098765,'25','children'),('P022','Ananya Singh',45,3216549870,'0','adult'),('P023','Karthik Iyer',32,2109876543,'0','adult'),('P024','Aditi Joshi',75,1098765432,'10','senior citizen'),('P025','Avinash Reddy',29,9876543210,'0','adult'),('P026','Divya Gupta',15,8765432109,'0','adult'),('P027','Sudeep Mehta',58,7654321098,'0','adult'),('P028','Neha Kapoor',20,6543210987,'0','adult'),('P029','Arun Singh',40,5432109876,'0','adult'),('P030','Sapna Tiwari',7,4321098765,'25','children'),('P031','Vijay Patel',37,9876543210,'0','adult'),('P032','Anita Singh',60,8765432109,'0','adult'),('P033','Sunil Sharma',45,7654321098,'0','adult'),('P034','Kavita Gupta',14,6543210987,'0','adult'),('P035','Rajeev Kumar',55,5432109876,'0','adult'),('P036','Meera Patel',26,4321098765,'0','adult'),('P037','Krishna Mehta',68,3216549870,'10','senior citizen'),('P038','Neeta Khanna',33,2109876543,'0','adult'),('P039','Prakash Verma',23,1098765432,'0','adult'),('P040','Shreya Bhatia',9,8901234567,'25','children'),('P041','Kunal Saxena',49,6789012345,'0','adult'),('P042','Ankita Joshi',19,5678901234,'0','adult'),('P043','Vikas Agarwal',61,4567890123,'0','adult'),('P044','Pooja Singh',12,3456789012,'25','children'),('P045','Arjun Reddy',39,2345678901,'0','adult'),('P046','Neha Mehra',70,1234567890,'10','senior citizen'),('P047','Raj Tiwari',27,8765432109,'0','adult'),('P048','Amit Kapoor',37,7654321098,'0','adult'),('P049','Anjali Verma',16,6543210987,'0','adult'),('P050','Santosh Rajan',52,5432109876,'0','adult'),('P051','Ashwini Sharma',31,4321098765,'0','adult'),('P052','Anil Singh',74,3216549870,'10','senior citizen'),('P053','Shweta Iyer',29,2109876543,'0','adult'),('P054','Rahul Joshi',10,1098765432,'25','children'),('P055','Swati Reddy',50,9876543210,'0','adult'),('P056','Sachin Gupta',65,8765432109,'10','senior citizen'),('P057','Rekha Mehta',36,7654321098,'0','adult'),('P058','Arnav Kapoor',14,6543210987,'0','adult'),('P059','Neeraj Singh',47,5432109876,'0','adult'),('P060','Smita Tiwari',22,4321098765,'0','adult'),('P061','Ajay Patel',33,9876543210,'0','adult'),('P062','Anita Singh',55,8765432109,'0','adult'),('P063','Sunil Sharma',67,7654321098,'10','senior citizen'),('P064','Kavita Gupta',18,6543210987,'0','adult'),('P065','Rajeev Kumar',42,5432109876,'0','adult'),('P066','Meera Patel',8,4321098765,'25','children'),('P067','Krishna Mehta',61,3216549870,'0','adult'),('P068','Neeta Khanna',29,2109876543,'0','adult'),('P069','Prakash Verma',41,1098765432,'0','adult'),('P070','Shreya Bhatia',16,8901234567,'0','adult'),('P071','Kunal Saxena',50,6789012345,'0','adult'),('P072','Ankita Joshi',26,5678901234,'0','adult'),('P073','Vikas Agarwal',65,4567890123,'10','senior citizen'),('P074','Pooja Singh',9,3456789012,'25','children'),('P075','Arjun Reddy',37,2345678901,'0','adult'),('P076','Neha Mehra',69,1234567890,'10','senior citizen'),('P077','Raj Tiwari',26,8765432109,'0','adult'),('P078','Amit Kapoor',39,7654321098,'0','adult'),('P079','Anjali Verma',17,6543210987,'0','adult'),('P080','Santosh Rajan',53,5432109876,'0','adult'),('P081','Ashwini Sharma',30,4321098765,'0','adult'),('P082','Anil Singh',76,3216549870,'10','senior citizen'),('P083','Shweta Iyer',28,2109876543,'0','adult'),('P084','Rahul Joshi',12,1098765432,'25','children'),('P085','Swati Reddy',51,9876543210,'0','adult'),('P086','Sachin Gupta',64,8765432109,'0','adult'),('P087','Rekha Mehta',35,7654321098,'0','adult'),('P088','Arnav Kapoor',15,6543210987,'0','adult'),('P089','Neeraj Singh',48,5432109876,'0','adult'),('P090','Smita Tiwari',23,4321098765,'0','adult'),('P091','Ajay Patel',34,9876543210,'0','adult'),('P092','Anita Singh',56,8765432109,'0','adult'),('P093','Sunil Sharma',66,7654321098,'10','senior citizen'),('P094','Kavita Gupta',19,6543210987,'0','adult'),('P095','Rajeev Kumar',43,5432109876,'0','adult'),('P096','Meera Patel',7,4321098765,'25','children'),('P097','Krishna Mehta',62,3216549870,'0','adult'),('P098','Neeta Khanna',30,2109876543,'0','adult'),('P099','Prakash Verma',24,1098765432,'0','adult'),('P100','Shreya Bhatia',10,8901234567,'25','children'),('P101','Kunal Saxena',51,6789012345,'0','adult'),('P102','Ankita Joshi',20,5678901234,'0','adult'),('P103','Vikas Agarwal',62,4567890123,'0','adult'),('P104','Pooja Singh',13,3456789012,'0','adult'),('P105','Arjun Reddy',38,2345678901,'0','adult'),('P106','Neha Mehra',71,1234567890,'10','senior citizen'),('P107','Raj Tiwari',28,8765432109,'0','adult'),('P108','Amit Kapoor',38,7654321098,'0','adult'),('P109','Anjali Verma',18,6543210987,'0','adult'),('P110','Santosh Rajan',54,5432109876,'0','adult'),('P111','Ashwini Sharma',32,4321098765,'0','adult'),('P112','Anil Singh',75,3216549870,'10','senior citizen'),('P113','Shweta Iyer',30,2109876543,'0','adult'),('P114','Rahul Joshi',11,1098765432,'25','children'),('P115','Swati Reddy',52,9876543210,'0','adult'),('P116','Sachin Gupta',63,8765432109,'0','adult'),('P117','Rekha Mehta',34,7654321098,'0','adult'),('P118','Arnav Kapoor',16,6543210987,'0','adult'),('P119','Neeraj Singh',49,5432109876,'0','adult'),('P120','Smita Tiwari',24,4321098765,'0','adult'),('P121','Ajay Patel',35,9876543210,'0','adult'),('P122','Anita Singh',57,8765432109,'0','adult'),('P123','Sunil Sharma',68,7654321098,'10','senior citizen'),('P124','Kavita Gupta',20,6543210987,'0','adult'),('P125','Rajeev Kumar',44,5432109876,'0','adult'),('P126','Meera Patel',9,4321098765,'25','children'),('P127','Krishna Mehta',63,3216549870,'0','adult'),('P128','Neeta Khanna',31,2109876543,'0','adult'),('P129','Prakash Verma',42,1098765432,'0','adult'),('P130','Shreya Bhatia',11,8901234567,'25','children'),('P131','Kunal Saxena',52,6789012345,'0','adult'),('P132','Ankita Joshi',21,5678901234,'0','adult'),('P133','Vikas Agarwal',64,4567890123,'0','adult'),('P134','Pooja Singh',14,3456789012,'0','adult'),('P135','Arjun Reddy',40,2345678901,'0','adult'),('P136','Neha Mehra',72,1234567890,'10','senior citizen'),('P137','Raj Tiwari',29,8765432109,'0','adult'),('P138','Amit Kapoor',40,7654321098,'0','adult'),('P139','Anjali Verma',19,6543210987,'0','adult'),('P140','Santosh Rajan',55,5432109876,'0','adult'),('P141','Ashwini Sharma',33,4321098765,'0','adult'),('P142','Anil Singh',77,3216549870,'10','senior citizen'),('P143','Shweta Iyer',31,2109876543,'0','adult'),('P144','Rahul Joshi',13,1098765432,'0','adult'),('P145','Swati Reddy',53,9876543210,'0','adult'),('P146','Sachin Gupta',66,8765432109,'10','senior citizen'),('P147','Rekha Mehta',35,7654321098,'0','adult'),('P148','Arnav Kapoor',17,6543210987,'0','adult'),('P149','Neeraj Singh',50,5432109876,'0','adult'),('P150','Smita Tiwari',25,4321098765,'0','adult');
/*!40000 ALTER TABLE `passengers` ENABLE KEYS */;
UNLOCK TABLES;

--
-- Table structure for table `routes`
--

DROP TABLE IF EXISTS `routes`;
/*!40101 SET @saved_cs_client     = @@character_set_client */;
/*!50503 SET character_set_client = utf8mb4 */;
CREATE TABLE `routes` (
  `Route_id` varchar(50) NOT NULL,
  `Route` varchar(60) DEFAULT NULL,
  `Start_station` varchar(60) DEFAULT NULL,
  `End_station` varchar(60) DEFAULT NULL,
  `Distance_in_Km` double DEFAULT NULL,
  `Time_taken` varchar(50) DEFAULT NULL,
  `Operating_days` varchar(60) DEFAULT NULL,
  PRIMARY KEY (`Route_id`)
) ENGINE=InnoDB DEFAULT CHARSET=utf8mb4 COLLATE=utf8mb4_0900_ai_ci;
/*!40101 SET character_set_client = @saved_cs_client */;

--
-- Dumping data for table `routes`
--

LOCK TABLES `routes` WRITE;
/*!40000 ALTER TABLE `routes` DISABLE KEYS */;
INSERT INTO `routes` VALUES ('R001','Goa-Mumbai','Goa','Mumbai',150,'2 hours','Mon-Fri'),('R002','Ajmer-Lonavala','Ajmer','Lonavala',280,'4 hours','Everyday'),('R003','Bangalore - Mysuru','Majestic','Mysuru',140,'2.5 hours','Mon-Sat'),('R004','Dharwad - Bengaluru','Dharwad','Bengaluru',432,'7 hours','Monday, Wednesday and Saturday'),('R005','Chennai - Coimbatore','Chennai Central','Coimbatore Junction',500,'6 hours','Everyday'),('R006','Kolkata - Dhanbad','Howrah','Dhanbad Junction',270,'4.5 hours','Mon-Fri'),('R007','Hyderabad - Vijayawada','Secunderabad','Vijayawada',350,'5 hours','Everyday'),('R008','Ahmedabad - Surat','Ahmedabad','Surat',260,'3.5 hours','Mon-Sat'),('R009','Jaipur - Jodhpur','Jaipur','Jodhpur Junction',340,'4.5 hours','Mon-Fri'),('R010','Lucknow - Varanasi','Lucknow Junction','Varanasi Junction',300,'5 hours','Everyday'),('R011','Chandigarh - Amritsar','Chandigarh','Amritsar Junction',240,'3 hours','Mon-Sat'),('R012','Indore - Bhopal','Indore Junction','Bhopal Junction',190,'2.5 hours','Everyday'),('R013','Coimbatore - Kochi','Coimbatore Junction','Ernakulam Junction',190,'3 hours','Mon-Fri'),('R014','Kanpur - Allahabad','Kanpur Central','Allahabad Junction',210,'3 hours','Mon-Sat'),('R015','Jaipur - Udaipur','Jaipur','Udaipur City',400,'5 hours','Everyday'),('R016','Varanasi - Allahabad','Varanasi Junction','Allahabad Junction',120,'2 hours','Mon-Fri'),('R017','Trivandrum - Kozhikode','Trivandrum Central','Kozhikode',530,'7 hours','Everyday'),('R018','Patna - Ranchi','Patna Junction','Ranchi',320,'4.5 hours','Mon-Sat'),('R019','Raipur - Bilaspur','Raipur','Bilaspur Junction',110,'1.5 hours','Everyday'),('R020','Gandhinagar - Ahmedabad','Gandhinagar','Ahmedabad',30,'0.5 hours','Mon-Fri'),('R021','Jodhpur - Ajmer','Jodhpur Junction','Ajmer Junction',300,'4 hours','Everyday'),('R022','Agra - Kanpur','Agra Cantt','Kanpur Central',280,'3.5 hours','Mon-Sat'),('R023','Guwahati - Shillong','Guwahati','Shillong',100,'2 hours','Everyday'),('R024','Mumbai Central- Gandhinagar','Mumbai Central','Gandhinagar',548,'5.5 hours','6 days a week except Sundays'),('R025','New Delhi – Himachal','New Delhi','Himachal',412,'5 hours','6 days a week except Thursdays'),('R026',' Secunderabad-Visakhapatnam','Secunderabad','Visakhapatnam',500,'7 hours','once a week (every Sunday)'),('R027','Mumbai Sainagar Shirdi','Mumbai Central','Shirdi',248,'9 hours','6 days in a week, but not on Tuesdays'),('R028','Mumbai – Solapur','Mumbai Central','Solapur',400,'7 hours','6 days in a week, but not on Wednesdays'),('R029','Bhopal-Delhi','Bhopal','Delhi',700,'5.5 hours','6 days in a week, but not on Saturdays'),('R030','Lonavala – Ajmer','Lonavala','Ajmer',1062,'9 hours','once a week (every Saturday)');
/*!40000 ALTER TABLE `routes` ENABLE KEYS */;
UNLOCK TABLES;

--
-- Table structure for table `seats`
--

DROP TABLE IF EXISTS `seats`;
/*!40101 SET @saved_cs_client     = @@character_set_client */;
/*!50503 SET character_set_client = utf8mb4 */;
CREATE TABLE `seats` (
  `Seat_id` varchar(50) NOT NULL,
  `Coach_no` varchar(50) NOT NULL,
  PRIMARY KEY (`Seat_id`,`Coach_no`),
  KEY `Coach_no` (`Coach_no`),
  CONSTRAINT `Seats_ibfk_1` FOREIGN KEY (`Coach_no`) REFERENCES `coaches` (`Coach_no`)
) ENGINE=InnoDB DEFAULT CHARSET=utf8mb4 COLLATE=utf8mb4_0900_ai_ci;
/*!40101 SET character_set_client = @saved_cs_client */;

--
-- Dumping data for table `seats`
--

LOCK TABLES `seats` WRITE;
/*!40000 ALTER TABLE `seats` DISABLE KEYS */;
INSERT INTO `seats` VALUES ('SEAT001','COACH001'),('SEAT002','COACH001'),('SEAT003','COACH001'),('SEAT004','COACH001'),('SEAT005','COACH001'),('SEAT006','COACH001'),('SEAT007','COACH001'),('SEAT008','COACH001'),('SEAT009','COACH001'),('SEAT010','COACH001'),('SEAT001','COACH002'),('SEAT002','COACH002'),('SEAT003','COACH002'),('SEAT004','COACH002'),('SEAT005','COACH002'),('SEAT006','COACH002'),('SEAT007','COACH002'),('SEAT008','COACH002'),('SEAT009','COACH002'),('SEAT010','COACH002'),('SEAT001','COACH003'),('SEAT002','COACH003'),('SEAT003','COACH003'),('SEAT004','COACH003'),('SEAT005','COACH003'),('SEAT006','COACH003'),('SEAT007','COACH003'),('SEAT008','COACH003'),('SEAT009','COACH003'),('SEAT010','COACH003'),('SEAT001','COACH004'),('SEAT002','COACH004'),('SEAT003','COACH004'),('SEAT004','COACH004'),('SEAT005','COACH004'),('SEAT006','COACH004'),('SEAT007','COACH004'),('SEAT008','COACH004'),('SEAT009','COACH004'),('SEAT010','COACH004'),('SEAT001','COACH005'),('SEAT002','COACH005'),('SEAT003','COACH005'),('SEAT004','COACH005'),('SEAT005','COACH005'),('SEAT006','COACH005'),('SEAT007','COACH005'),('SEAT008','COACH005'),('SEAT009','COACH005'),('SEAT010','COACH005'),('SEAT001','COACH006'),('SEAT002','COACH006'),('SEAT003','COACH006'),('SEAT004','COACH006'),('SEAT005','COACH006'),('SEAT006','COACH006'),('SEAT007','COACH006'),('SEAT008','COACH006'),('SEAT009','COACH006'),('SEAT010','COACH006'),('SEAT001','COACH007'),('SEAT002','COACH007'),('SEAT003','COACH007'),('SEAT004','COACH007'),('SEAT005','COACH007'),('SEAT006','COACH007'),('SEAT007','COACH007'),('SEAT008','COACH007'),('SEAT009','COACH007'),('SEAT010','COACH007'),('SEAT001','COACH008'),('SEAT002','COACH008'),('SEAT003','COACH008'),('SEAT004','COACH008'),('SEAT005','COACH008'),('SEAT006','COACH008'),('SEAT007','COACH008'),('SEAT008','COACH008'),('SEAT009','COACH008'),('SEAT010','COACH008'),('SEAT001','COACH009'),('SEAT002','COACH009'),('SEAT003','COACH009'),('SEAT004','COACH009'),('SEAT005','COACH009'),('SEAT006','COACH009'),('SEAT007','COACH009'),('SEAT008','COACH009'),('SEAT009','COACH009'),('SEAT010','COACH009'),('SEAT001','COACH010'),('SEAT002','COACH010'),('SEAT003','COACH010'),('SEAT004','COACH010'),('SEAT005','COACH010'),('SEAT006','COACH010'),('SEAT007','COACH010'),('SEAT008','COACH010'),('SEAT009','COACH010'),('SEAT010','COACH010'),('SEAT001','COACH011'),('SEAT002','COACH011'),('SEAT003','COACH011'),('SEAT004','COACH011'),('SEAT005','COACH011'),('SEAT006','COACH011'),('SEAT007','COACH011'),('SEAT008','COACH011'),('SEAT009','COACH011'),('SEAT010','COACH011'),('SEAT001','COACH012'),('SEAT002','COACH012'),('SEAT003','COACH012'),('SEAT004','COACH012'),('SEAT005','COACH012'),('SEAT006','COACH012'),('SEAT007','COACH012'),('SEAT008','COACH012'),('SEAT009','COACH012'),('SEAT010','COACH012'),('SEAT001','COACH013'),('SEAT002','COACH013'),('SEAT003','COACH013'),('SEAT004','COACH013'),('SEAT005','COACH013'),('SEAT006','COACH013'),('SEAT007','COACH013'),('SEAT008','COACH013'),('SEAT009','COACH013'),('SEAT010','COACH013'),('SEAT001','COACH014'),('SEAT002','COACH014'),('SEAT003','COACH014'),('SEAT004','COACH014'),('SEAT005','COACH014'),('SEAT006','COACH014'),('SEAT007','COACH014'),('SEAT008','COACH014'),('SEAT009','COACH014'),('SEAT010','COACH014'),('SEAT001','COACH015'),('SEAT002','COACH015'),('SEAT003','COACH015'),('SEAT004','COACH015'),('SEAT005','COACH015'),('SEAT006','COACH015'),('SEAT007','COACH015'),('SEAT008','COACH015'),('SEAT009','COACH015'),('SEAT010','COACH015'),('SEAT001','COACH016'),('SEAT002','COACH016'),('SEAT003','COACH016'),('SEAT004','COACH016'),('SEAT005','COACH016'),('SEAT006','COACH016'),('SEAT007','COACH016'),('SEAT008','COACH016'),('SEAT009','COACH016'),('SEAT010','COACH016'),('SEAT001','COACH017'),('SEAT002','COACH017'),('SEAT003','COACH017'),('SEAT004','COACH017'),('SEAT005','COACH017'),('SEAT006','COACH017'),('SEAT007','COACH017'),('SEAT008','COACH017'),('SEAT009','COACH017'),('SEAT010','COACH017'),('SEAT001','COACH018'),('SEAT002','COACH018'),('SEAT003','COACH018'),('SEAT004','COACH018'),('SEAT005','COACH018'),('SEAT006','COACH018'),('SEAT007','COACH018'),('SEAT008','COACH018'),('SEAT009','COACH018'),('SEAT010','COACH018'),('SEAT001','COACH019'),('SEAT002','COACH019'),('SEAT003','COACH019'),('SEAT004','COACH019'),('SEAT005','COACH019'),('SEAT006','COACH019'),('SEAT007','COACH019'),('SEAT008','COACH019'),('SEAT009','COACH019'),('SEAT010','COACH019'),('SEAT001','COACH020'),('SEAT002','COACH020'),('SEAT003','COACH020'),('SEAT004','COACH020'),('SEAT005','COACH020'),('SEAT006','COACH020'),('SEAT007','COACH020'),('SEAT008','COACH020'),('SEAT009','COACH020'),('SEAT010','COACH020'),('SEAT001','COACH021'),('SEAT002','COACH021'),('SEAT003','COACH021'),('SEAT004','COACH021'),('SEAT005','COACH021'),('SEAT006','COACH021'),('SEAT007','COACH021'),('SEAT008','COACH021'),('SEAT009','COACH021'),('SEAT010','COACH021'),('SEAT001','COACH022'),('SEAT002','COACH022'),('SEAT003','COACH022'),('SEAT004','COACH022'),('SEAT005','COACH022'),('SEAT006','COACH022'),('SEAT007','COACH022'),('SEAT008','COACH022'),('SEAT009','COACH022'),('SEAT010','COACH022'),('SEAT001','COACH023'),('SEAT002','COACH023'),('SEAT003','COACH023'),('SEAT004','COACH023'),('SEAT005','COACH023'),('SEAT006','COACH023'),('SEAT007','COACH023'),('SEAT008','COACH023'),('SEAT009','COACH023'),('SEAT010','COACH023'),('SEAT001','COACH024'),('SEAT002','COACH024'),('SEAT003','COACH024'),('SEAT004','COACH024'),('SEAT005','COACH024'),('SEAT006','COACH024'),('SEAT007','COACH024'),('SEAT008','COACH024'),('SEAT009','COACH024'),('SEAT010','COACH024'),('SEAT001','COACH025'),('SEAT002','COACH025'),('SEAT003','COACH025'),('SEAT004','COACH025'),('SEAT005','COACH025'),('SEAT006','COACH025'),('SEAT007','COACH025'),('SEAT008','COACH025'),('SEAT009','COACH025'),('SEAT010','COACH025'),('SEAT001','COACH026'),('SEAT002','COACH026'),('SEAT003','COACH026'),('SEAT004','COACH026'),('SEAT005','COACH026'),('SEAT006','COACH026'),('SEAT007','COACH026'),('SEAT008','COACH026'),('SEAT009','COACH026'),('SEAT010','COACH026'),('SEAT001','COACH027'),('SEAT002','COACH027'),('SEAT003','COACH027'),('SEAT004','COACH027'),('SEAT005','COACH027'),('SEAT006','COACH027'),('SEAT007','COACH027'),('SEAT008','COACH027'),('SEAT009','COACH027'),('SEAT010','COACH027'),('SEAT001','COACH028'),('SEAT002','COACH028'),('SEAT003','COACH028'),('SEAT004','COACH028'),('SEAT005','COACH028'),('SEAT006','COACH028'),('SEAT007','COACH028'),('SEAT008','COACH028'),('SEAT009','COACH028'),('SEAT010','COACH028'),('SEAT001','COACH029'),('SEAT002','COACH029'),('SEAT003','COACH029'),('SEAT004','COACH029'),('SEAT005','COACH029'),('SEAT006','COACH029'),('SEAT007','COACH029'),('SEAT008','COACH029'),('SEAT009','COACH029'),('SEAT010','COACH029'),('SEAT001','COACH030'),('SEAT002','COACH030'),('SEAT003','COACH030'),('SEAT004','COACH030'),('SEAT005','COACH030'),('SEAT006','COACH030'),('SEAT007','COACH030'),('SEAT008','COACH030'),('SEAT009','COACH030'),('SEAT010','COACH030'),('SEAT001','COACH031'),('SEAT002','COACH031'),('SEAT003','COACH031'),('SEAT004','COACH031'),('SEAT005','COACH031'),('SEAT006','COACH031'),('SEAT007','COACH031'),('SEAT008','COACH031'),('SEAT009','COACH031'),('SEAT010','COACH031'),('SEAT001','COACH032'),('SEAT002','COACH032'),('SEAT003','COACH032'),('SEAT004','COACH032'),('SEAT005','COACH032'),('SEAT006','COACH032'),('SEAT007','COACH032'),('SEAT008','COACH032'),('SEAT009','COACH032'),('SEAT010','COACH032'),('SEAT001','COACH033'),('SEAT002','COACH033'),('SEAT003','COACH033'),('SEAT004','COACH033'),('SEAT005','COACH033'),('SEAT006','COACH033'),('SEAT007','COACH033'),('SEAT008','COACH033'),('SEAT009','COACH033'),('SEAT010','COACH033'),('SEAT001','COACH034'),('SEAT002','COACH034'),('SEAT003','COACH034'),('SEAT004','COACH034'),('SEAT005','COACH034'),('SEAT006','COACH034'),('SEAT007','COACH034'),('SEAT008','COACH034'),('SEAT009','COACH034'),('SEAT010','COACH034'),('SEAT001','COACH035'),('SEAT002','COACH035'),('SEAT003','COACH035'),('SEAT004','COACH035'),('SEAT005','COACH035'),('SEAT006','COACH035'),('SEAT007','COACH035'),('SEAT008','COACH035'),('SEAT009','COACH035'),('SEAT010','COACH035'),('SEAT001','COACH036'),('SEAT002','COACH036'),('SEAT003','COACH036'),('SEAT004','COACH036'),('SEAT005','COACH036'),('SEAT006','COACH036'),('SEAT007','COACH036'),('SEAT008','COACH036'),('SEAT009','COACH036'),('SEAT010','COACH036'),('SEAT001','COACH037'),('SEAT002','COACH037'),('SEAT003','COACH037'),('SEAT004','COACH037'),('SEAT005','COACH037'),('SEAT006','COACH037'),('SEAT007','COACH037'),('SEAT008','COACH037'),('SEAT009','COACH037'),('SEAT010','COACH037'),('SEAT001','COACH038'),('SEAT002','COACH038'),('SEAT003','COACH038'),('SEAT004','COACH038'),('SEAT005','COACH038'),('SEAT006','COACH038'),('SEAT007','COACH038'),('SEAT008','COACH038'),('SEAT009','COACH038'),('SEAT010','COACH038'),('SEAT001','COACH039'),('SEAT002','COACH039'),('SEAT003','COACH039'),('SEAT004','COACH039'),('SEAT005','COACH039'),('SEAT006','COACH039'),('SEAT007','COACH039'),('SEAT008','COACH039'),('SEAT009','COACH039'),('SEAT010','COACH039'),('SEAT001','COACH040'),('SEAT002','COACH040'),('SEAT003','COACH040'),('SEAT004','COACH040'),('SEAT005','COACH040'),('SEAT006','COACH040'),('SEAT007','COACH040'),('SEAT008','COACH040'),('SEAT009','COACH040'),('SEAT010','COACH040'),('SEAT001','COACH041'),('SEAT002','COACH041'),('SEAT003','COACH041'),('SEAT004','COACH041'),('SEAT005','COACH041'),('SEAT006','COACH041'),('SEAT007','COACH041'),('SEAT008','COACH041'),('SEAT009','COACH041'),('SEAT010','COACH041'),('SEAT001','COACH042'),('SEAT002','COACH042'),('SEAT003','COACH042'),('SEAT004','COACH042'),('SEAT005','COACH042'),('SEAT006','COACH042'),('SEAT007','COACH042'),('SEAT008','COACH042'),('SEAT009','COACH042'),('SEAT010','COACH042'),('SEAT001','COACH043'),('SEAT002','COACH043'),('SEAT003','COACH043'),('SEAT004','COACH043'),('SEAT005','COACH043'),('SEAT006','COACH043'),('SEAT007','COACH043'),('SEAT008','COACH043'),('SEAT009','COACH043'),('SEAT010','COACH043'),('SEAT001','COACH044'),('SEAT002','COACH044'),('SEAT003','COACH044'),('SEAT004','COACH044'),('SEAT005','COACH044'),('SEAT006','COACH044'),('SEAT007','COACH044'),('SEAT008','COACH044'),('SEAT009','COACH044'),('SEAT010','COACH044'),('SEAT001','COACH045'),('SEAT002','COACH045'),('SEAT003','COACH045'),('SEAT004','COACH045'),('SEAT005','COACH045'),('SEAT006','COACH045'),('SEAT007','COACH045'),('SEAT008','COACH045'),('SEAT009','COACH045'),('SEAT010','COACH045'),('SEAT001','COACH046'),('SEAT002','COACH046'),('SEAT003','COACH046'),('SEAT004','COACH046'),('SEAT005','COACH046'),('SEAT006','COACH046'),('SEAT007','COACH046'),('SEAT008','COACH046'),('SEAT009','COACH046'),('SEAT010','COACH046'),('SEAT001','COACH047'),('SEAT002','COACH047'),('SEAT003','COACH047'),('SEAT004','COACH047'),('SEAT005','COACH047'),('SEAT006','COACH047'),('SEAT007','COACH047'),('SEAT008','COACH047'),('SEAT009','COACH047'),('SEAT010','COACH047'),('SEAT001','COACH048'),('SEAT002','COACH048'),('SEAT003','COACH048'),('SEAT004','COACH048'),('SEAT005','COACH048'),('SEAT006','COACH048'),('SEAT007','COACH048'),('SEAT008','COACH048'),('SEAT009','COACH048'),('SEAT010','COACH048'),('SEAT001','COACH049'),('SEAT002','COACH049'),('SEAT003','COACH049'),('SEAT004','COACH049'),('SEAT005','COACH049'),('SEAT006','COACH049'),('SEAT007','COACH049'),('SEAT008','COACH049'),('SEAT009','COACH049'),('SEAT010','COACH049'),('SEAT001','COACH050'),('SEAT002','COACH050'),('SEAT003','COACH050'),('SEAT004','COACH050'),('SEAT005','COACH050'),('SEAT006','COACH050'),('SEAT007','COACH050'),('SEAT008','COACH050'),('SEAT009','COACH050'),('SEAT010','COACH050'),('SEAT001','COACH051'),('SEAT002','COACH051'),('SEAT003','COACH051'),('SEAT004','COACH051'),('SEAT005','COACH051'),('SEAT006','COACH051'),('SEAT007','COACH051'),('SEAT008','COACH051'),('SEAT009','COACH051'),('SEAT010','COACH051'),('SEAT001','COACH052'),('SEAT002','COACH052'),('SEAT003','COACH052'),('SEAT004','COACH052'),('SEAT005','COACH052'),('SEAT006','COACH052'),('SEAT007','COACH052'),('SEAT008','COACH052'),('SEAT009','COACH052'),('SEAT010','COACH052'),('SEAT001','COACH053'),('SEAT002','COACH053'),('SEAT003','COACH053'),('SEAT004','COACH053'),('SEAT005','COACH053'),('SEAT006','COACH053'),('SEAT007','COACH053'),('SEAT008','COACH053'),('SEAT009','COACH053'),('SEAT010','COACH053'),('SEAT001','COACH054'),('SEAT002','COACH054'),('SEAT003','COACH054'),('SEAT004','COACH054'),('SEAT005','COACH054'),('SEAT006','COACH054'),('SEAT007','COACH054'),('SEAT008','COACH054'),('SEAT009','COACH054'),('SEAT010','COACH054'),('SEAT001','COACH055'),('SEAT002','COACH055'),('SEAT003','COACH055'),('SEAT004','COACH055'),('SEAT005','COACH055'),('SEAT006','COACH055'),('SEAT007','COACH055'),('SEAT008','COACH055'),('SEAT009','COACH055'),('SEAT010','COACH055'),('SEAT001','COACH056'),('SEAT002','COACH056'),('SEAT003','COACH056'),('SEAT004','COACH056'),('SEAT005','COACH056'),('SEAT006','COACH056'),('SEAT007','COACH056'),('SEAT008','COACH056'),('SEAT009','COACH056'),('SEAT010','COACH056'),('SEAT001','COACH057'),('SEAT002','COACH057'),('SEAT003','COACH057'),('SEAT004','COACH057'),('SEAT005','COACH057'),('SEAT006','COACH057'),('SEAT007','COACH057'),('SEAT008','COACH057'),('SEAT009','COACH057'),('SEAT010','COACH057'),('SEAT001','COACH058'),('SEAT002','COACH058'),('SEAT003','COACH058'),('SEAT004','COACH058'),('SEAT005','COACH058'),('SEAT006','COACH058'),('SEAT007','COACH058'),('SEAT008','COACH058'),('SEAT009','COACH058'),('SEAT010','COACH058'),('SEAT001','COACH059'),('SEAT002','COACH059'),('SEAT003','COACH059'),('SEAT004','COACH059'),('SEAT005','COACH059'),('SEAT006','COACH059'),('SEAT007','COACH059'),('SEAT008','COACH059'),('SEAT009','COACH059'),('SEAT010','COACH059'),('SEAT001','COACH060'),('SEAT002','COACH060'),('SEAT003','COACH060'),('SEAT004','COACH060'),('SEAT005','COACH060'),('SEAT006','COACH060'),('SEAT007','COACH060'),('SEAT008','COACH060'),('SEAT009','COACH060'),('SEAT010','COACH060'),('SEAT001','COACH061'),('SEAT002','COACH061'),('SEAT003','COACH061'),('SEAT004','COACH061'),('SEAT005','COACH061'),('SEAT006','COACH061'),('SEAT007','COACH061'),('SEAT008','COACH061'),('SEAT009','COACH061'),('SEAT010','COACH061'),('SEAT001','COACH062'),('SEAT002','COACH062'),('SEAT003','COACH062'),('SEAT004','COACH062'),('SEAT005','COACH062'),('SEAT006','COACH062'),('SEAT007','COACH062'),('SEAT008','COACH062'),('SEAT009','COACH062'),('SEAT010','COACH062'),('SEAT001','COACH063'),('SEAT002','COACH063'),('SEAT003','COACH063'),('SEAT004','COACH063'),('SEAT005','COACH063'),('SEAT006','COACH063'),('SEAT007','COACH063'),('SEAT008','COACH063'),('SEAT009','COACH063'),('SEAT010','COACH063'),('SEAT001','COACH064'),('SEAT002','COACH064'),('SEAT003','COACH064'),('SEAT004','COACH064'),('SEAT005','COACH064'),('SEAT006','COACH064'),('SEAT007','COACH064'),('SEAT008','COACH064'),('SEAT009','COACH064'),('SEAT010','COACH064'),('SEAT001','COACH065'),('SEAT002','COACH065'),('SEAT003','COACH065'),('SEAT004','COACH065'),('SEAT005','COACH065'),('SEAT006','COACH065'),('SEAT007','COACH065'),('SEAT008','COACH065'),('SEAT009','COACH065'),('SEAT010','COACH065'),('SEAT001','COACH066'),('SEAT002','COACH066'),('SEAT003','COACH066'),('SEAT004','COACH066'),('SEAT005','COACH066'),('SEAT006','COACH066'),('SEAT007','COACH066'),('SEAT008','COACH066'),('SEAT009','COACH066'),('SEAT010','COACH066'),('SEAT001','COACH067'),('SEAT002','COACH067'),('SEAT003','COACH067'),('SEAT004','COACH067'),('SEAT005','COACH067'),('SEAT006','COACH067'),('SEAT007','COACH067'),('SEAT008','COACH067'),('SEAT009','COACH067'),('SEAT010','COACH067'),('SEAT001','COACH068'),('SEAT002','COACH068'),('SEAT003','COACH068'),('SEAT004','COACH068'),('SEAT005','COACH068'),('SEAT006','COACH068'),('SEAT007','COACH068'),('SEAT008','COACH068'),('SEAT009','COACH068'),('SEAT010','COACH068'),('SEAT001','COACH069'),('SEAT002','COACH069'),('SEAT003','COACH069'),('SEAT004','COACH069'),('SEAT005','COACH069'),('SEAT006','COACH069'),('SEAT007','COACH069'),('SEAT008','COACH069'),('SEAT009','COACH069'),('SEAT010','COACH069'),('SEAT001','COACH070'),('SEAT002','COACH070'),('SEAT003','COACH070'),('SEAT004','COACH070'),('SEAT005','COACH070'),('SEAT006','COACH070'),('SEAT007','COACH070'),('SEAT008','COACH070'),('SEAT009','COACH070'),('SEAT010','COACH070'),('SEAT001','COACH071'),('SEAT002','COACH071'),('SEAT003','COACH071'),('SEAT004','COACH071'),('SEAT005','COACH071'),('SEAT006','COACH071'),('SEAT007','COACH071'),('SEAT008','COACH071'),('SEAT009','COACH071'),('SEAT010','COACH071'),('SEAT001','COACH072'),('SEAT002','COACH072'),('SEAT003','COACH072'),('SEAT004','COACH072'),('SEAT005','COACH072'),('SEAT006','COACH072'),('SEAT007','COACH072'),('SEAT008','COACH072'),('SEAT009','COACH072'),('SEAT010','COACH072'),('SEAT001','COACH073'),('SEAT002','COACH073'),('SEAT003','COACH073'),('SEAT004','COACH073'),('SEAT005','COACH073'),('SEAT006','COACH073'),('SEAT007','COACH073'),('SEAT008','COACH073'),('SEAT009','COACH073'),('SEAT010','COACH073'),('SEAT001','COACH074'),('SEAT002','COACH074'),('SEAT003','COACH074'),('SEAT004','COACH074'),('SEAT005','COACH074'),('SEAT006','COACH074'),('SEAT007','COACH074'),('SEAT008','COACH074'),('SEAT009','COACH074'),('SEAT010','COACH074'),('SEAT001','COACH075'),('SEAT002','COACH075'),('SEAT003','COACH075'),('SEAT004','COACH075'),('SEAT005','COACH075'),('SEAT006','COACH075'),('SEAT007','COACH075'),('SEAT008','COACH075'),('SEAT009','COACH075'),('SEAT010','COACH075'),('SEAT001','COACH076'),('SEAT002','COACH076'),('SEAT003','COACH076'),('SEAT004','COACH076'),('SEAT005','COACH076'),('SEAT006','COACH076'),('SEAT007','COACH076'),('SEAT008','COACH076'),('SEAT009','COACH076'),('SEAT010','COACH076'),('SEAT001','COACH077'),('SEAT002','COACH077'),('SEAT003','COACH077'),('SEAT004','COACH077'),('SEAT005','COACH077'),('SEAT006','COACH077'),('SEAT007','COACH077'),('SEAT008','COACH077'),('SEAT009','COACH077'),('SEAT010','COACH077'),('SEAT001','COACH078'),('SEAT002','COACH078'),('SEAT003','COACH078'),('SEAT004','COACH078'),('SEAT005','COACH078'),('SEAT006','COACH078'),('SEAT007','COACH078'),('SEAT008','COACH078'),('SEAT009','COACH078'),('SEAT010','COACH078'),('SEAT001','COACH079'),('SEAT002','COACH079'),('SEAT003','COACH079'),('SEAT004','COACH079'),('SEAT005','COACH079'),('SEAT006','COACH079'),('SEAT007','COACH079'),('SEAT008','COACH079'),('SEAT009','COACH079'),('SEAT010','COACH079'),('SEAT001','COACH080'),('SEAT002','COACH080'),('SEAT003','COACH080'),('SEAT004','COACH080'),('SEAT005','COACH080'),('SEAT006','COACH080'),('SEAT007','COACH080'),('SEAT008','COACH080'),('SEAT009','COACH080'),('SEAT010','COACH080'),('SEAT001','COACH081'),('SEAT002','COACH081'),('SEAT003','COACH081'),('SEAT004','COACH081'),('SEAT005','COACH081'),('SEAT006','COACH081'),('SEAT007','COACH081'),('SEAT008','COACH081'),('SEAT009','COACH081'),('SEAT010','COACH081'),('SEAT001','COACH082'),('SEAT002','COACH082'),('SEAT003','COACH082'),('SEAT004','COACH082'),('SEAT005','COACH082'),('SEAT006','COACH082'),('SEAT007','COACH082'),('SEAT008','COACH082'),('SEAT009','COACH082'),('SEAT010','COACH082'),('SEAT001','COACH083'),('SEAT002','COACH083'),('SEAT003','COACH083'),('SEAT004','COACH083'),('SEAT005','COACH083'),('SEAT006','COACH083'),('SEAT007','COACH083'),('SEAT008','COACH083'),('SEAT009','COACH083'),('SEAT010','COACH083'),('SEAT001','COACH084'),('SEAT002','COACH084'),('SEAT003','COACH084'),('SEAT004','COACH084'),('SEAT005','COACH084'),('SEAT006','COACH084'),('SEAT007','COACH084'),('SEAT008','COACH084'),('SEAT009','COACH084'),('SEAT010','COACH084'),('SEAT001','COACH085'),('SEAT002','COACH085'),('SEAT003','COACH085'),('SEAT004','COACH085'),('SEAT005','COACH085'),('SEAT006','COACH085'),('SEAT007','COACH085'),('SEAT008','COACH085'),('SEAT009','COACH085'),('SEAT010','COACH085'),('SEAT001','COACH086'),('SEAT002','COACH086'),('SEAT003','COACH086'),('SEAT004','COACH086'),('SEAT005','COACH086'),('SEAT006','COACH086'),('SEAT007','COACH086'),('SEAT008','COACH086'),('SEAT009','COACH086'),('SEAT010','COACH086'),('SEAT001','COACH087'),('SEAT002','COACH087'),('SEAT003','COACH087'),('SEAT004','COACH087'),('SEAT005','COACH087'),('SEAT006','COACH087'),('SEAT007','COACH087'),('SEAT008','COACH087'),('SEAT009','COACH087'),('SEAT010','COACH087'),('SEAT001','COACH088'),('SEAT002','COACH088'),('SEAT003','COACH088'),('SEAT004','COACH088'),('SEAT005','COACH088'),('SEAT006','COACH088'),('SEAT007','COACH088'),('SEAT008','COACH088'),('SEAT009','COACH088'),('SEAT010','COACH088'),('SEAT001','COACH089'),('SEAT002','COACH089'),('SEAT003','COACH089'),('SEAT004','COACH089'),('SEAT005','COACH089'),('SEAT006','COACH089'),('SEAT007','COACH089'),('SEAT008','COACH089'),('SEAT009','COACH089'),('SEAT010','COACH089'),('SEAT001','COACH090'),('SEAT002','COACH090'),('SEAT003','COACH090'),('SEAT004','COACH090'),('SEAT005','COACH090'),('SEAT006','COACH090'),('SEAT007','COACH090'),('SEAT008','COACH090'),('SEAT009','COACH090'),('SEAT010','COACH090'),('SEAT001','COACH091'),('SEAT002','COACH091'),('SEAT003','COACH091'),('SEAT004','COACH091'),('SEAT005','COACH091'),('SEAT006','COACH091'),('SEAT007','COACH091'),('SEAT008','COACH091'),('SEAT009','COACH091'),('SEAT010','COACH091'),('SEAT001','COACH092'),('SEAT002','COACH092'),('SEAT003','COACH092'),('SEAT004','COACH092'),('SEAT005','COACH092'),('SEAT006','COACH092'),('SEAT007','COACH092'),('SEAT008','COACH092'),('SEAT009','COACH092'),('SEAT010','COACH092'),('SEAT001','COACH093'),('SEAT002','COACH093'),('SEAT003','COACH093'),('SEAT004','COACH093'),('SEAT005','COACH093'),('SEAT006','COACH093'),('SEAT007','COACH093'),('SEAT008','COACH093'),('SEAT009','COACH093'),('SEAT010','COACH093'),('SEAT001','COACH094'),('SEAT002','COACH094'),('SEAT003','COACH094'),('SEAT004','COACH094'),('SEAT005','COACH094'),('SEAT006','COACH094'),('SEAT007','COACH094'),('SEAT008','COACH094'),('SEAT009','COACH094'),('SEAT010','COACH094'),('SEAT001','COACH095'),('SEAT002','COACH095'),('SEAT003','COACH095'),('SEAT004','COACH095'),('SEAT005','COACH095'),('SEAT006','COACH095'),('SEAT007','COACH095'),('SEAT008','COACH095'),('SEAT009','COACH095'),('SEAT010','COACH095'),('SEAT001','COACH096'),('SEAT002','COACH096'),('SEAT003','COACH096'),('SEAT004','COACH096'),('SEAT005','COACH096'),('SEAT006','COACH096'),('SEAT007','COACH096'),('SEAT008','COACH096'),('SEAT009','COACH096'),('SEAT010','COACH096'),('SEAT001','COACH097'),('SEAT002','COACH097'),('SEAT003','COACH097'),('SEAT004','COACH097'),('SEAT005','COACH097'),('SEAT006','COACH097'),('SEAT007','COACH097'),('SEAT008','COACH097'),('SEAT009','COACH097'),('SEAT010','COACH097'),('SEAT001','COACH098'),('SEAT002','COACH098'),('SEAT003','COACH098'),('SEAT004','COACH098'),('SEAT005','COACH098'),('SEAT006','COACH098'),('SEAT007','COACH098'),('SEAT008','COACH098'),('SEAT009','COACH098'),('SEAT010','COACH098'),('SEAT001','COACH099'),('SEAT002','COACH099'),('SEAT003','COACH099'),('SEAT004','COACH099'),('SEAT005','COACH099'),('SEAT006','COACH099'),('SEAT007','COACH099'),('SEAT008','COACH099'),('SEAT009','COACH099'),('SEAT010','COACH099'),('SEAT001','COACH100'),('SEAT002','COACH100'),('SEAT003','COACH100'),('SEAT004','COACH100'),('SEAT005','COACH100'),('SEAT006','COACH100'),('SEAT007','COACH100'),('SEAT008','COACH100'),('SEAT009','COACH100'),('SEAT010','COACH100');
/*!40000 ALTER TABLE `seats` ENABLE KEYS */;
UNLOCK TABLES;

--
-- Table structure for table `staff`
--

DROP TABLE IF EXISTS `staff`;
/*!40101 SET @saved_cs_client     = @@character_set_client */;
/*!50503 SET character_set_client = utf8mb4 */;
CREATE TABLE `staff` (
  `Staff_id` varchar(50) NOT NULL,
  `Staff_name` varchar(60) DEFAULT NULL,
  `Phone_no` double DEFAULT NULL,
  `City` varchar(60) DEFAULT NULL,
  PRIMARY KEY (`Staff_id`)
) ENGINE=InnoDB DEFAULT CHARSET=utf8mb4 COLLATE=utf8mb4_0900_ai_ci;
/*!40101 SET character_set_client = @saved_cs_client */;

--
-- Dumping data for table `staff`
--

LOCK TABLES `staff` WRITE;
/*!40000 ALTER TABLE `staff` DISABLE KEYS */;
INSERT INTO `staff` VALUES ('S001','Rahul Sharma',9876543210,'Delhi'),('S002','Priya Gupta',8765432109,'Mumbai'),('S003','Amit Singh',7654321098,'Bangalore'),('S004','Kavita Verma',6543210987,'Chennai'),('S005','Aniket Patel',5432109876,'Kolkata'),('S006','Shreya Kapoor',4321098765,'Hyderabad'),('S007','Vikas Jain',3210987654,'Pune'),('S008','Megha Yadav',2109876543,'Ahmedabad'),('S009','Ankit Kapoor',1098765432,'Jaipur'),('S010','Sneha Singh',9876543210,'Lucknow'),('S011','Kunal Verma',8765432109,'Chandigarh'),('S012','Ritu Yadav',7654321098,'Kanpur'),('S013','Sumit Singh',6543210987,'Nagpur'),('S014','Sapna Sharma',5432109876,'Indore'),('S015','Alok Jain',4321098765,'Ludhiana'),('S016','Anjali Kapoor',3210987654,'Coimbatore'),('S017','Rajat Patel',2109876543,'Surat'),('S018','Deepa Verma',1098765432,'Varanasi'),('S019','Karan Singh',9876543210,'Agra'),('S020','Neha Yadav',8765432109,'Amritsar'),('S021','Rahul Kapoor',7654321098,'Visakhapatnam'),('S022','Shivani Jain',6543210987,'Jodhpur'),('S023','Arjun Patel',5432109876,'Bhopal'),('S024','Priya Yadav',4321098765,'Raipur'),('S025','Vishal Singh',3210987654,'Kochi'),('S026','Swati Patel',2109876543,'Guwahati'),('S027','Raj Kapoor',1098765432,'Patna'),('S028','Anjali Yadav',9876543210,'Bhubaneswar'),('S029','Aman Kapoor',8765432109,'Trivandrum'),('S030','Sonia Singh',7654321098,'Jaipur'),('S031','Ajay Yadav',6543210987,'Lucknow'),('S032','Neeta Kapoor',5432109876,'Kolkata'),('S033','Prateek Verma',4321098765,'Delhi'),('S034','Shikha Yadav',3210987654,'Mumbai'),('S035','Krishna Kapoor',2109876543,'Bangalore'),('S036','Priya Singh',1098765432,'Chennai'),('S037','Amit Yadav',9876543210,'Hyderabad'),('S038','Manju Patel',8765432109,'Pune'),('S039','Rajat Yadav',7654321098,'Ahmedabad'),('S040','Sonia Singh',6543210987,'Jaipur'),('S041','Kapil Kapoor',5432109876,'Kanpur'),('S042','Anjali Singh',4321098765,'Nagpur'),('S043','Rahul Patel',3210987654,'Indore'),('S044','Suman Verma',2109876543,'Ludhiana'),('S045','Raj Singh',1098765432,'Coimbatore'),('S046','Kritika Yadav',9876543210,'Surat'),('S047','Sushant Kapoor',8765432109,'Varanasi'),('S048','Deepika Singh',7654321098,'Agra'),('S049','Vikram Patel',6543210987,'Amritsar'),('S050','Neetu Yadav',5432109876,'Visakhapatnam'),('S051','Arpit Kapoor',4321098765,'Jodhpur'),('S052','Sonia Yadav',3210987654,'Bhopal'),('S053','Kapil Patel',2109876543,'Raipur'),('S054','Sakshi Jain',1098765432,'Kochi'),('S055','Vishal Yadav',9876543210,'Guwahati'),('S056','Anu Singh',8765432109,'Patna'),('S057','Alok Patel',7654321098,'Bhubaneswar'),('S058','Ritu Kapoor',6543210987,'Trivandrum'),('S059','Sachin Yadav',5432109876,'Jaipur'),('S060','Shweta Kapoor',4321098765,'Lucknow'),('S061','Raj Verma',3210987654,'Kolkata'),('S062','Kavita Yadav',2109876543,'Delhi'),('S063','Sudhir Patel',1098765432,'Mumbai'),('S064','Anita Kapoor',9876543210,'Bangalore'),('S065','Ajay Yadav',8765432109,'Chennai'),('S066','Kiran Kapoor',7654321098,'Hyderabad'),('S067','Rajat Singh',6543210987,'Pune'),('S068','Swati Yadav',5432109876,'Ahmedabad'),('S069','Sachin Kapoor',4321098765,'Jaipur'),('S070','Ankita Singh',3210987654,'Ludhiana'),('S071','Rahul Yadav',2109876543,'Coimbatore'),('S072','Arti Patel',1098765432,'Surat'),('S073','Kapil Yadav',9876543210,'Varanasi'),('S074','Sunita Singh',8765432109,'Agra'),('S075','Amit Patel',7654321098,'Amritsar'),('S076','Swati Kapoor',6543210987,'Visakhapatnam'),('S077','Sachin Singh',5432109876,'Jodhpur'),('S078','Anita Yadav',4321098765,'Bhopal'),('S079','Alok Kapoor',3210987654,'Raipur'),('S080','Monika Singh',2109876543,'Kochi'),('S081','Rajat Yadav',1098765432,'Guwahati'),('S082','Priya Patel',9876543210,'Patna'),('S083','Vishal Yadav',8765432109,'Bhubaneswar'),('S084','Arti Singh',7654321098,'Trivandrum'),('S085','Suman Yadav',6543210987,'Jaipur'),('S086','Praveen Kapoor',5432109876,'Lucknow'),('S087','Ankita Yadav',4321098765,'Kolkata'),('S088','Rajat Kapoor',3210987654,'Delhi'),('S089','Pooja Yadav',2109876543,'Mumbai'),('S090','Rahul Kapoor',1098765432,'Bangalore'),('S091','Swati Yadav',9876543210,'Chennai'),('S092','Alok Singh',8765432109,'Hyderabad'),('S093','Sakshi Patel',7654321098,'Pune'),('S094','Ankur Yadav',6543210987,'Ahmedabad'),('S095','Anjali Kapoor',5432109876,'Jaipur'),('S096','Prateek Yadav',4321098765,'Ludhiana'),('S097','Amit Kapoor',3210987654,'Coimbatore'),('S098','Kiran Yadav',2109876543,'Surat'),('S099','Priya Kapoor',1098765432,'Varanasi'),('S100','Sudhir Patel',9876543210,'Agra'),('S101','Sakshi Yadav',8765432109,'Amritsar'),('S102','Ankita Singh',7654321098,'Visakhapatnam'),('S103','Suresh Kapoor',6543210987,'Jodhpur'),('S104','Arti Yadav',5432109876,'Bhopal'),('S105','Kapil Patel',4321098765,'Raipur'),('S106','Praveen Yadav',3210987654,'Kochi'),('S107','Swati Kapoor',2109876543,'Guwahati'),('S108','Vikas Patel',1098765432,'Patna'),('S109','Ankita Yadav',9876543210,'Bhubaneswar'),('S110','Sakshi Kapoor',8765432109,'Trivandrum'),('S111','Rahul Yadav',7654321098,'Jaipur'),('S112','Pooja Kapoor',6543210987,'Lucknow'),('S113','Ankur Singh',5432109876,'Kolkata'),('S114','Kapil Yadav',4321098765,'Delhi'),('S115','Sudha Patel',3210987654,'Mumbai'),('S116','Anil Kapoor',2109876543,'Bangalore'),('S117','Raj Yadav',1098765432,'Chennai'),('S118','Ankita Yadav',9876543210,'Hyderabad'),('S119','Prateek Kapoor',8765432109,'Pune'),('S120','Priya Yadav',7654321098,'Ahmedabad'),('S121','Sachin Singh',6543210987,'Jaipur'),('S122','Sakshi Yadav',5432109876,'Ludhiana'),('S123','Suresh Kapoor',4321098765,'Coimbatore'),('S124','Swati Yadav',3210987654,'Surat'),('S125','Anil Patel',2109876543,'Varanasi'),('S126','Ankita Yadav',1098765432,'Agra'),('S127','Praveen Singh',9876543210,'Amritsar'),('S128','Rahul Kapoor',8765432109,'Visakhapatnam'),('S129','Sudha Yadav',7654321098,'Jodhpur'),('S130','Kapil Yadav',6543210987,'Bhopal'),('S131','Ankita Kapoor',5432109876,'Raipur'),('S132','Vikas Yadav',4321098765,'Kochi'),('S133','Sakshi Singh',3210987654,'Guwahati'),('S134','Prateek Kapoor',2109876543,'Patna'),('S135','Priya Yadav',1098765432,'Bhubaneswar'),('S136','Sachin Yadav',9876543210,'Trivandrum'),('S137','Swati Kapoor',8765432109,'Jaipur'),('S138','Ankur Yadav',7654321098,'Lucknow'),('S139','Pooja Yadav',6543210987,'Kolkata'),('S140','Praveen Kapoor',5432109876,'Delhi'),('S141','Sakshi Yadav',4321098765,'Mumbai'),('S142','Vikas Kapoor',3210987654,'Bangalore'),('S143','Rahul Yadav',2109876543,'Chennai'),('S144','Sudha Yadav',1098765432,'Hyderabad'),('S145','Prateek Kapoor',9876543210,'Pune'),('S146','Sachin Yadav',8765432109,'Ahmedabad'),('S147','Priya Kapoor',7654321098,'Jaipur'),('S148','Ankur Yadav',6543210987,'Ludhiana'),('S149','Swati Yadav',5432109876,'Coimbatore'),('S150','Vikas Kapoor',4321098765,'Surat');
/*!40000 ALTER TABLE `staff` ENABLE KEYS */;
UNLOCK TABLES;

--
-- Table structure for table `stations`
--

DROP TABLE IF EXISTS `stations`;
/*!40101 SET @saved_cs_client     = @@character_set_client */;
/*!50503 SET character_set_client = utf8mb4 */;
CREATE TABLE `stations` (
  `Station_id` varchar(50) NOT NULL,
  `Station_name` varchar(60) DEFAULT NULL,
  PRIMARY KEY (`Station_id`)
) ENGINE=InnoDB DEFAULT CHARSET=utf8mb4 COLLATE=utf8mb4_0900_ai_ci;
/*!40101 SET character_set_client = @saved_cs_client */;

--
-- Dumping data for table `stations`
--

LOCK TABLES `stations` WRITE;
/*!40000 ALTER TABLE `stations` DISABLE KEYS */;
INSERT INTO `stations` VALUES ('S001','Dharwad'),('S002','Mumbai'),('S003','Chennai'),('S004','Kolkata'),('S005','Bengaluru'),('S006','Hyderabad'),('S007','Ahmedabad'),('S008','Pune'),('S009','Jaipur'),('S010','Lucknow'),('S011','Chandigarh'),('S012','Indore'),('S013','Coimbatore'),('S014','Lonavala'),('S015','Kochi'),('S016','Surat'),('S017','Visakhapatnam'),('S018','Nagpur'),('S019','Bhopal'),('S020','Ajmer'),('S021','Kanpur'),('S022','Udaipur'),('S023','Varanasi'),('S024','Trivandrum'),('S025','Patna'),('S026','Ranchi'),('S027','Gandhinagar'),('S028','Jodhpur'),('S029','Agra'),('S030','Goa'),('S031','Dhanbad'),('S032','Vijayawada'),('S033','Amritsar'),('S034','Allahabad'),('S035','New Delhi'),('S036','Himachal'),('S037','Secunderabad'),('S038','Raipur'),('S039','Bilaspur'),('S040','Karjat');
/*!40000 ALTER TABLE `stations` ENABLE KEYS */;
UNLOCK TABLES;

--
-- Table structure for table `tickets`
--

DROP TABLE IF EXISTS `tickets`;
/*!40101 SET @saved_cs_client     = @@character_set_client */;
/*!50503 SET character_set_client = utf8mb4 */;
CREATE TABLE `tickets` (
  `Ticket_no` varchar(50) NOT NULL,
  `Train_id` varchar(50) DEFAULT NULL,
  `TA_id` varchar(50) DEFAULT NULL,
  `P_id` varchar(50) DEFAULT NULL,
  `Price` double DEFAULT NULL,
  `Confirmed` char(5) DEFAULT NULL,
  `Date` date DEFAULT NULL,
  `Time` time DEFAULT NULL,
  `Route_id` varchar(50) DEFAULT NULL,
  `Coach_no` varchar(50) DEFAULT NULL,
  `Seat_id` varchar(50) DEFAULT NULL,
  PRIMARY KEY (`Ticket_no`),
  KEY `Train_id` (`Train_id`),
  KEY `TA_id` (`TA_id`),
  KEY `P_id` (`P_id`),
  KEY `Route_id` (`Route_id`),
  KEY `Coach_no` (`Coach_no`),
  KEY `Seat_id` (`Seat_id`,`Coach_no`),
  CONSTRAINT `Tickets_ibfk_2` FOREIGN KEY (`Train_id`) REFERENCES `trains` (`Train_id`),
  CONSTRAINT `Tickets_ibfk_3` FOREIGN KEY (`TA_id`) REFERENCES `travelagents` (`TA_id`),
  CONSTRAINT `Tickets_ibfk_4` FOREIGN KEY (`P_id`) REFERENCES `passengers` (`P_id`),
  CONSTRAINT `Tickets_ibfk_5` FOREIGN KEY (`Route_id`) REFERENCES `routes` (`Route_id`),
  CONSTRAINT `Tickets_ibfk_6` FOREIGN KEY (`Seat_id`, `Coach_no`) REFERENCES `seats` (`Seat_id`, `Coach_no`)
) ENGINE=InnoDB DEFAULT CHARSET=utf8mb4 COLLATE=utf8mb4_0900_ai_ci;
/*!40101 SET character_set_client = @saved_cs_client */;

--
-- Dumping data for table `tickets`
--

LOCK TABLES `tickets` WRITE;
/*!40000 ALTER TABLE `tickets` DISABLE KEYS */;
INSERT INTO `tickets` VALUES ('TICK001','T001','TA001','P001',100,'Yes','2023-10-15','08:00:00','R001','COACH001','SEAT001'),('TICK002','T002','TA002','P002',100,'Yes','2023-10-16','10:30:00','R002','COACH002','SEAT002'),('TICK003','T003','TA003','P003',100,'Yes','2023-10-17','12:45:00','R003','COACH003','SEAT003'),('TICK004','T004','TA004','P004',100,'Yes','2023-10-18','14:20:00','R004','COACH004','SEAT004'),('TICK005','T005','TA005','P005',100,'Yes','2023-10-19','16:30:00','R005','COACH005','SEAT005'),('TICK006','T006','TA006','P006',100,'Yes','2023-10-20','18:15:00','R006','COACH006','SEAT006'),('TICK007','T007','TA007','P007',100,'Yes','2023-10-21','20:00:00','R007','COACH007','SEAT007'),('TICK008','T008','TA008','P008',100,'Yes','2023-10-22','22:45:00','R008','COACH008','SEAT008'),('TICK009','T009','TA009','P009',100,'Yes','2023-10-23','01:00:00','R009','COACH009','SEAT009'),('TICK010','T010','TA010','P010',100,'Yes','2023-10-24','03:30:00','R010','COACH010','SEAT010'),('TICK011','T011','TA011','P011',100,'Yes','2023-10-25','05:45:00','R011','COACH001','SEAT001'),('TICK012','T012','TA012','P012',100,'Yes','2023-10-26','07:20:00','R012','COACH002','SEAT002'),('TICK013','T013','TA013','P013',100,'Yes','2023-10-27','09:30:00','R013','COACH003','SEAT003'),('TICK014','T014','TA014','P014',100,'Yes','2023-10-28','11:15:00','R014','COACH004','SEAT004'),('TICK015','T015','TA015','P015',100,'Yes','2023-10-29','13:20:00','R015','COACH005','SEAT005'),('TICK016','T016','TA016','P016',100,'Yes','2023-10-30','15:45:00','R016','COACH006','SEAT006'),('TICK017','T017','TA017','P017',100,'Yes','2023-12-01','17:30:00','R017','COACH007','SEAT007'),('TICK018','T018','TA018','P018',100,'Yes','2023-12-02','19:45:00','R018','COACH008','SEAT008'),('TICK019','T019','TA019','P019',100,'Yes','2023-12-03','21:00:00','R019','COACH009','SEAT009'),('TICK020','T020','TA020','P020',100,'Yes','2023-12-04','23:15:00','R020','COACH010','SEAT010'),('TICK021','T021','TA001','P021',100,'Yes','2023-12-05','01:30:00','R021','COACH001','SEAT001'),('TICK022','T022','TA002','P022',100,'Yes','2023-12-06','03:45:00','R022','COACH002','SEAT002'),('TICK023','T023','TA003','P023',100,'Yes','2023-12-07','05:00:00','R023','COACH003','SEAT003'),('TICK024','T024','TA004','P024',100,'Yes','2023-12-08','07:15:00','R024','COACH004','SEAT004'),('TICK025','T025','TA005','P025',100,'Yes','2023-12-09','09:30:00','R025','COACH005','SEAT005'),('TICK026','T026','TA006','P026',100,'Yes','2023-12-10','11:45:00','R026','COACH006','SEAT006'),('TICK027','T027','TA007','P027',100,'Yes','2023-12-11','13:00:00','R027','COACH007','SEAT007'),('TICK028','T028','TA008','P028',100,'Yes','2023-12-12','15:15:00','R028','COACH008','SEAT008'),('TICK029','T029','TA009','P029',100,'Yes','2023-12-13','17:30:00','R029','COACH009','SEAT009'),('TICK030','T030','TA010','P030',100,'Yes','2023-12-14','19:45:00','R030','COACH010','SEAT010'),('TICK031','T001','TA010','P150',100,'Yes','2023-12-19','17:45:00','R026','COACH011','SEAT010'),('TICK032','T001','TA010','P147',100,'Yes','2023-12-11','17:45:00','R026','COACH001','SEAT005'),('TICK033','T005','TA010','P120',100,'Yes','2023-12-25','17:45:00','R026','COACH011','SEAT010'),('TICK034','T007','TA001','P150',100,'Yes','2023-12-27','17:45:00','R012','COACH001','SEAT001'),('TICK035','T009','TA001','P150',100,'Yes','2023-10-27','12:00:00','R004','COACH001','SEAT001'),('TICK036','T012','TA001','P107',100,'Yes','2023-10-27','12:00:00','R004','COACH001','SEAT001'),('TICK037','T011','TA001','P107',100,'Yes','2023-10-30','12:00:00','R004','COACH002','SEAT001'),('TICK038','T011','TA001','P107',100,'Yes','2023-10-05','01:50:00','R004','COACH004','SEAT001'),('TICK039','T011','TA001','P107',100,'Yes','2023-10-09','01:50:00','R004','COACH007','SEAT003'),('TICK04','T008','TA001','P012',900,'yes','2023-10-16','15:00:00','R004','COACH001','SEAT001'),('TICK040','T018','TA001','P150',100,'Yes','2023-10-09','09:50:00','R008','COACH007','SEAT003'),('TICK041','T008','TA002','P107',100,'Yes','2023-12-27','12:00:00','R004','COACH001','SEAT001'),('TICK042','T008','TA020','P140',650,'yes','2023-10-16','15:00:00','R004','COACH007','SEAT003'),('TICK043','T008','TA020','P109',650,'yes','2023-10-16','15:00:00','R004','COACH008','SEAT003'),('TICK044','T008','TA020','P100',650,'yes','2023-10-29','13:00:00','R004','COACH003','SEAT003'),('TICK045','T005','TA004','P104',750,'yes','2023-10-20','17:00:00','R004','COACH003','SEAT003'),('TICK046','T005','TA004','P108',750,'yes','2023-10-20','17:00:00','R004','COACH003','SEAT004'),('TICK047','T005','TA005','P002',750,'yes','2023-10-27','17:00:00','R004','COACH003','SEAT004'),('TICK048','T005','TA005','P001',750,'yes','2023-10-27','17:00:00','R004','COACH009','SEAT004'),('TICK049','T005','TA006','P001',750,'yes','2023-10-13','17:00:00','R004','COACH009','SEAT004'),('TICK050','T005','TA006','P003',750,'yes','2023-10-13','17:00:00','R004','COACH002','SEAT004'),('TICK051','T004','TA004','P030',1000,'yes','2023-10-05','07:00:00','R004','COACH011','SEAT010'),('TICK052','T024','TA001','P004',100,'Yes','2023-09-07','10:00:00','R011','COACH001','SEAT007'),('TICK053','T024','TA001','P004',100,'Yes','2023-09-02','10:00:00','R011','COACH001','SEAT007'),('TICK054','T024','TA001','P004',100,'Yes','2023-09-03','10:00:00','R011','COACH001','SEAT007'),('TICK055','T024','TA001','P004',100,'Yes','2023-09-04','10:00:00','R011','COACH001','SEAT007'),('TICK056','T024','TA001','P004',100,'Yes','2023-09-05','10:00:00','R011','COACH001','SEAT007'),('TICK057','T024','TA001','P004',100,'Yes','2023-09-06','10:00:00','R011','COACH001','SEAT007'),('TICK058','T024','TA001','P004',100,'Yes','2023-09-08','10:00:00','R011','COACH001','SEAT007'),('TICK059','T024','TA001','P004',100,'Yes','2023-09-09','10:00:00','R011','COACH001','SEAT007'),('TICK060','T024','TA001','P004',100,'Yes','2023-09-10','10:00:00','R011','COACH001','SEAT007'),('TICK061','T024','TA001','P004',100,'Yes','2023-09-11','10:00:00','R011','COACH001','SEAT007'),('TICK062','T024','TA001','P004',100,'Yes','2023-09-02','10:00:00','R011','COACH001','SEAT007'),('TICK063','T024','TA001','P004',100,'Yes','2023-09-01','10:00:00','R011','COACH001','SEAT007');
/*!40000 ALTER TABLE `tickets` ENABLE KEYS */;
UNLOCK TABLES;

--
-- Table structure for table `trainrouteschedule`
--

DROP TABLE IF EXISTS `trainrouteschedule`;
/*!40101 SET @saved_cs_client     = @@character_set_client */;
/*!50503 SET character_set_client = utf8mb4 */;
CREATE TABLE `trainrouteschedule` (
  `Train_id` varchar(50) NOT NULL,
  `Route_id` varchar(50) NOT NULL,
  `Date` date NOT NULL,
  `Start_time` time DEFAULT NULL,
  `End_time` time DEFAULT NULL,
  PRIMARY KEY (`Train_id`,`Route_id`,`Date`),
  KEY `Route_id` (`Route_id`),
  CONSTRAINT `TrainRouteSchedule_ibfk_1` FOREIGN KEY (`Train_id`) REFERENCES `trains` (`Train_id`),
  CONSTRAINT `TrainRouteSchedule_ibfk_2` FOREIGN KEY (`Route_id`) REFERENCES `routes` (`Route_id`)
) ENGINE=InnoDB DEFAULT CHARSET=utf8mb4 COLLATE=utf8mb4_0900_ai_ci;
/*!40101 SET character_set_client = @saved_cs_client */;

--
-- Dumping data for table `trainrouteschedule`
--

LOCK TABLES `trainrouteschedule` WRITE;
/*!40000 ALTER TABLE `trainrouteschedule` DISABLE KEYS */;
INSERT INTO `trainrouteschedule` VALUES ('T001','R001','2023-01-01','08:00:00','12:00:00'),('T001','R001','2023-10-10','08:00:00','10:00:00'),('T001','R001','2023-11-14','08:00:00','10:00:00'),('T001','R026','2023-10-11','14:00:00','19:00:00'),('T002','R002','2023-01-01','10:00:00','14:00:00'),('T002','R002','2023-11-15','12:00:00','16:00:00'),('T003','R003','2023-11-16','10:30:00','13:00:00'),('T004','R004','2023-11-17','07:00:00','14:00:00'),('T005','R004','2023-10-13','17:00:00','23:00:00'),('T005','R004','2023-10-20','17:00:00','23:00:00'),('T005','R004','2023-10-27','17:00:00','23:00:00'),('T005','R005','2023-11-18','09:30:00','15:30:00'),('T005','R008','2023-10-10','15:00:00','18:00:00'),('T005','R026','2023-10-18','14:00:00','19:00:00'),('T006','R006','2023-12-19','14:00:00','18:30:00'),('T007','R007','2023-12-20','08:30:00','13:30:00'),('T008','R004','2023-10-16','15:00:00','20:00:00'),('T008','R004','2023-10-29','13:00:00','19:00:00'),('T008','R008','2023-12-21','11:45:00','15:15:00'),('T009','R007','2023-10-10','16:00:00','18:00:00'),('T009','R009','2023-12-22','06:30:00','11:00:00'),('T010','R010','2023-12-23','09:15:00','14:15:00'),('T011','R011','2023-12-24','11:30:00','14:30:00'),('T012','R012','2023-12-25','07:45:00','10:15:00'),('T013','R013','2023-12-26','15:00:00','18:00:00'),('T014','R014','2023-12-27','13:30:00','16:30:00'),('T015','R015','2023-12-28','10:00:00','15:00:00'),('T016','R016','2023-11-29','14:45:00','19:15:00'),('T016','R016','2023-12-29','14:45:00','19:15:00'),('T017','R017','2023-11-30','06:15:00','11:15:00'),('T017','R017','2023-12-30','06:15:00','11:15:00'),('T018','R010','2023-10-10','10:00:00','12:00:00'),('T018','R018','2023-12-01','09:30:00','14:00:00'),('T018','R018','2023-12-31','09:30:00','14:00:00'),('T019','R019','2023-12-02','12:00:00','15:30:00'),('T019','R019','2024-01-01','12:00:00','15:30:00'),('T020','R020','2023-12-03','08:45:00','09:15:00'),('T020','R020','2024-01-02','08:45:00','09:15:00'),('T021','R021','2023-12-04','10:15:00','14:15:00'),('T022','R022','2023-12-05','07:30:00','11:00:00'),('T023','R023','2023-12-06','15:30:00','17:30:00'),('T024','R024','2023-12-07','13:00:00','18:30:00'),('T025','R025','2023-12-08','11:00:00','16:00:00'),('T026','R026','2023-12-09','16:45:00','23:45:00'),('T027','R027','2023-12-10','10:00:00','19:00:00'),('T028','R028','2023-12-11','13:15:00','20:15:00'),('T029','R029','2023-12-12','06:45:00','12:15:00'),('T030','R030','2023-12-13','11:30:00','20:30:00');
/*!40000 ALTER TABLE `trainrouteschedule` ENABLE KEYS */;
UNLOCK TABLES;

--
-- Table structure for table `trains`
--

DROP TABLE IF EXISTS `trains`;
/*!40101 SET @saved_cs_client     = @@character_set_client */;
/*!50503 SET character_set_client = utf8mb4 */;
CREATE TABLE `trains` (
  `Train_id` varchar(50) NOT NULL,
  `Train_name` varchar(50) DEFAULT NULL,
  PRIMARY KEY (`Train_id`)
) ENGINE=InnoDB DEFAULT CHARSET=utf8mb4 COLLATE=utf8mb4_0900_ai_ci;
/*!40101 SET character_set_client = @saved_cs_client */;

--
-- Dumping data for table `trains`
--

LOCK TABLES `trains` WRITE;
/*!40000 ALTER TABLE `trains` DISABLE KEYS */;
INSERT INTO `trains` VALUES ('T001','Shatabdi Express'),('T002','Rajdhani Express'),('T003','Deccan Queen'),('T004','Duronto Express'),('T005','Gatimaan Express'),('T006','Humsafar Express'),('T007','Vande Bharat Express'),('T008','Tejas Express'),('T009','Sampoorna Kranti Express'),('T010','Ahilyanagari Express'),('T011','Lokmanya Tilak Terminus Express'),('T012','Konkan Kanya Express'),('T013','Purvanchal Express'),('T014','Ganga Kaveri Express'),('T015','Garib Rath Express'),('T016','Chennai Express'),('T017','Howrah Mail'),('T018','Satabdi Nagar Express'),('T019','Puri Shatabdi Express'),('T020','Swarna Jayanti Express'),('T021','Goa Sampark Kranti Express'),('T022','Maharashtra Sampark Kranti Express'),('T023','Ratnagiri Express'),('T024','Sarnath Express'),('T025','Kashi Vishwanath Express'),('T026','Kaveri Express'),('T027','Kolkata Mail'),('T028','Ahmedabad Express'),('T029','Mysuru Express'),('T030','Vasco Da Gama Express');
/*!40000 ALTER TABLE `trains` ENABLE KEYS */;
UNLOCK TABLES;

--
-- Table structure for table `trainstaffschedule`
--

DROP TABLE IF EXISTS `trainstaffschedule`;
/*!40101 SET @saved_cs_client     = @@character_set_client */;
/*!50503 SET character_set_client = utf8mb4 */;
CREATE TABLE `trainstaffschedule` (
  `Train_id` varchar(50) NOT NULL,
  `Driver_id` varchar(50) NOT NULL,
  `Date` date NOT NULL,
  `Co_driver_id` varchar(60) DEFAULT NULL,
  PRIMARY KEY (`Train_id`,`Driver_id`,`Date`),
  KEY `Staff_id` (`Driver_id`),
  KEY `Co_driver_id` (`Co_driver_id`),
  CONSTRAINT `TrainStaffSchedule_ibfk_1` FOREIGN KEY (`Train_id`) REFERENCES `trains` (`Train_id`),
  CONSTRAINT `TrainStaffSchedule_ibfk_2` FOREIGN KEY (`Driver_id`) REFERENCES `staff` (`Staff_id`),
  CONSTRAINT `TrainStaffSchedule_ibfk_3` FOREIGN KEY (`Co_driver_id`) REFERENCES `staff` (`Staff_id`)
) ENGINE=InnoDB DEFAULT CHARSET=utf8mb4 COLLATE=utf8mb4_0900_ai_ci;
/*!40101 SET character_set_client = @saved_cs_client */;

--
-- Dumping data for table `trainstaffschedule`
--

LOCK TABLES `trainstaffschedule` WRITE;
/*!40000 ALTER TABLE `trainstaffschedule` DISABLE KEYS */;
INSERT INTO `trainstaffschedule` VALUES ('T001','S001','2023-11-14','S002'),('T005','S001','2023-10-13','S002'),('T005','S001','2023-10-20','S002'),('T005','S001','2023-10-27','S002'),('T001','S001','2023-01-01','S003'),('T002','S002','2023-01-01','S004'),('T002','S003','2023-11-15','S004'),('T003','S005','2023-11-16','S006'),('T004','S007','2023-11-17','S008'),('T008','S004','2023-10-16','S009'),('T008','S004','2023-10-29','S009'),('T005','S009','2023-11-18','S010'),('T006','S011','2023-12-19','S012'),('T007','S013','2023-12-20','S014'),('T008','S015','2023-12-21','S016'),('T009','S017','2023-12-22','S018'),('T010','S019','2023-12-23','S020'),('T011','S021','2023-12-24','S022'),('T012','S023','2023-12-25','S024'),('T013','S025','2023-12-26','S026'),('T014','S027','2023-12-27','S028'),('T015','S029','2023-12-28','S030'),('T016','S031','2023-11-29','S032'),('T016','S033','2023-12-29','S034'),('T017','S035','2023-11-30','S036'),('T017','S037','2023-12-30','S038'),('T018','S039','2023-12-01','S040'),('T018','S041','2023-12-31','S042'),('T019','S043','2023-12-02','S044'),('T019','S045','2024-01-01','S046'),('T020','S047','2023-12-03','S048'),('T020','S049','2024-01-02','S050'),('T021','S051','2023-12-04','S052'),('T022','S053','2023-12-05','S054'),('T023','S055','2023-12-06','S056'),('T024','S057','2023-12-07','S058'),('T025','S059','2023-12-08','S060'),('T026','S061','2023-12-09','S062'),('T027','S063','2023-12-10','S064'),('T028','S065','2023-12-11','S066'),('T029','S067','2023-12-12','S068'),('T030','S069','2023-12-13','S070'),('T005','S126','2023-10-01','S125'),('T008','S125','2023-10-01','S126'),('T008','S125','2023-10-02','S126'),('T008','S136','2023-10-16','S137');
/*!40000 ALTER TABLE `trainstaffschedule` ENABLE KEYS */;
UNLOCK TABLES;

--
-- Table structure for table `trainstationschedule`
--

DROP TABLE IF EXISTS `trainstationschedule`;
/*!40101 SET @saved_cs_client     = @@character_set_client */;
/*!50503 SET character_set_client = utf8mb4 */;
CREATE TABLE `trainstationschedule` (
  `Train_id` varchar(50) NOT NULL,
  `Station_id` varchar(50) NOT NULL,
  `Date` date DEFAULT NULL,
  `Exp_arrival_time` time NOT NULL,
  `Exp_departure_time` time NOT NULL,
  `Act_arrival_time` time DEFAULT NULL,
  `Act_departure_time` time DEFAULT NULL,
  PRIMARY KEY (`Train_id`,`Station_id`,`Exp_arrival_time`,`Exp_departure_time`),
  KEY `Station_id` (`Station_id`),
  CONSTRAINT `TrainStationSchedule_ibfk_1` FOREIGN KEY (`Train_id`) REFERENCES `trains` (`Train_id`),
  CONSTRAINT `TrainStationSchedule_ibfk_2` FOREIGN KEY (`Station_id`) REFERENCES `stations` (`Station_id`)
) ENGINE=InnoDB DEFAULT CHARSET=utf8mb4 COLLATE=utf8mb4_0900_ai_ci;
/*!40101 SET character_set_client = @saved_cs_client */;

--
-- Dumping data for table `trainstationschedule`
--

LOCK TABLES `trainstationschedule` WRITE;
/*!40000 ALTER TABLE `trainstationschedule` DISABLE KEYS */;
INSERT INTO `trainstationschedule` VALUES ('T001','S001','2023-01-01','08:00:00','08:30:00','08:05:00','08:35:00'),('T001','S002','2023-01-01','09:00:00','09:30:00','09:10:00','09:35:00'),('T001','S005','2023-06-01','08:00:00','08:15:00','08:05:00','08:20:00'),('T001','S012','2023-06-01','10:00:00','10:15:00','10:05:00','10:20:00'),('T001','S018','2023-06-01','12:00:00','12:15:00','12:05:00','12:20:00'),('T001','S022','2023-06-01','20:00:00','20:15:00','20:05:00','20:20:00'),('T001','S025','2023-06-01','14:00:00','14:15:00','14:05:00','14:20:00'),('T001','S030','2023-06-01','16:00:00','16:15:00','16:05:00','16:20:00'),('T001','S034','2023-06-01','18:00:00','18:15:00','18:05:00','18:20:00'),('T001','S038','2023-06-01','22:00:00','22:15:00','22:05:00','22:20:00'),('T002','S001','2023-01-01','10:00:00','10:30:00','10:15:00','10:40:00'),('T002','S010','2023-06-02','13:00:00','13:15:00','13:05:00','13:20:00'),('T002','S013','2023-06-02','09:00:00','09:15:00','09:05:00','09:20:00'),('T002','S020','2023-06-02','23:00:00','23:15:00','23:05:00','23:20:00'),('T002','S021','2023-06-02','15:00:00','15:15:00','15:05:00','15:20:00'),('T002','S031','2023-06-02','21:00:00','21:15:00','21:05:00','21:20:00'),('T002','S033','2023-06-02','19:00:00','19:15:00','19:05:00','19:20:00'),('T002','S035','2023-06-02','11:00:00','11:15:00','11:05:00','11:20:00'),('T002','S037','2023-06-02','17:00:00','17:15:00','17:05:00','17:20:00'),('T003','S009','2023-06-03','08:30:00','08:45:00','08:35:00','08:50:00'),('T003','S016','2023-06-03','10:30:00','10:45:00','10:35:00','10:50:00'),('T003','S023','2023-06-03','12:30:00','12:45:00','12:35:00','12:50:00'),('T003','S028','2023-06-03','14:30:00','14:45:00','14:35:00','14:50:00'),('T003','S032','2023-06-03','16:30:00','16:45:00','16:35:00','16:50:00'),('T003','S036','2023-06-03','18:30:00','18:45:00','18:35:00','18:50:00'),('T003','S039','2023-06-03','20:30:00','20:45:00','20:35:00','20:50:00'),('T003','S040','2023-06-03','22:30:00','22:45:00','22:35:00','22:50:00'),('T004','S002','2023-06-04','09:15:00','09:30:00','09:20:00','09:35:00'),('T004','S015','2023-06-04','11:15:00','11:30:00','11:20:00','11:35:00'),('T004','S019','2023-06-04','13:15:00','13:30:00','13:20:00','13:35:00'),('T004','S026','2023-06-04','15:15:00','15:30:00','15:20:00','15:35:00'),('T004','S027','2023-06-04','17:15:00','17:30:00','17:20:00','17:35:00'),('T004','S029','2023-06-04','19:15:00','19:30:00','19:20:00','19:35:00'),('T004','S030','2023-06-04','21:15:00','21:30:00','21:20:00','21:35:00'),('T004','S031','2023-06-04','23:15:00','23:30:00','23:20:00','23:35:00'),('T005','S001','2023-10-27','00:00:00','15:00:00','00:00:00','15:00:00'),('T005','S001','2023-10-13','00:00:00','16:00:00','00:00:00','16:00:00'),('T005','S001','2023-10-20','00:00:00','17:00:00','00:00:00','17:00:00'),('T005','S001','2023-10-01','09:00:00','09:30:00',NULL,NULL),('T005','S004','2023-06-05','10:45:00','11:00:00','10:50:00','11:05:00'),('T005','S005','2023-10-01','11:30:00','12:00:00',NULL,NULL),('T005','S005','2023-10-27','20:00:00','00:00:00','20:00:00','00:00:00'),('T005','S005','2023-10-13','21:00:00','00:00:00','21:00:00','00:00:00'),('T005','S005','2023-10-20','23:00:00','00:00:00','23:00:00','00:00:00'),('T005','S010','2023-06-05','12:45:00','13:00:00','12:50:00','13:05:00'),('T005','S013','2023-06-05','14:45:00','15:00:00','14:50:00','15:05:00'),('T005','S018','2023-06-05','16:45:00','17:00:00','16:50:00','17:05:00'),('T005','S021','2023-06-05','18:45:00','19:00:00','18:50:00','19:05:00'),('T005','S024','2023-06-05','20:45:00','21:00:00','20:50:00','21:05:00'),('T005','S035','2023-06-05','22:45:00','23:00:00','22:50:00','23:05:00'),('T005','S038','2023-06-05','00:45:00','01:00:00','00:50:00','01:05:00'),('T006','S003','2023-06-06','12:30:00','12:45:00','12:35:00','12:50:00'),('T006','S011','2023-06-06','14:30:00','14:45:00','14:35:00','14:50:00'),('T006','S014','2023-06-06','16:30:00','16:45:00','16:35:00','16:50:00'),('T006','S017','2023-06-06','18:30:00','18:45:00','18:35:00','18:50:00'),('T006','S020','2023-06-06','20:30:00','20:45:00','20:35:00','20:50:00'),('T006','S025','2023-06-06','22:30:00','22:45:00','22:35:00','22:50:00'),('T006','S034','2023-06-06','00:30:00','00:45:00','00:35:00','00:50:00'),('T006','S037','2023-06-06','02:30:00','02:45:00','02:35:00','02:50:00'),('T007','S002','2023-06-07','08:30:00','08:45:00','08:35:00','08:50:00'),('T007','S008','2023-06-07','10:30:00','10:45:00','10:35:00','10:50:00'),('T007','S012','2023-06-07','12:30:00','12:45:00','12:35:00','12:50:00'),('T007','S016','2023-06-07','14:30:00','14:45:00','14:35:00','14:50:00'),('T007','S022','2023-06-07','16:30:00','16:45:00','16:35:00','16:50:00'),('T007','S026','2023-06-07','18:30:00','18:45:00','18:35:00','18:50:00'),('T007','S029','2023-06-07','20:30:00','20:45:00','20:35:00','20:50:00'),('T007','S032','2023-06-07','22:30:00','22:45:00','22:35:00','22:50:00'),('T008','S001','2023-10-29','00:00:00','13:00:00','00:00:00','13:00:00'),('T008','S001','2023-10-01','08:00:00','08:30:00',NULL,NULL),('T008','S001','2023-10-02','08:15:00','08:45:00',NULL,NULL),('T008','S001','2023-10-16','15:00:00','15:00:00','15:00:00','15:00:00'),('T008','S004','2023-06-08','14:00:00','14:15:00','14:05:00','14:20:00'),('T008','S005','2023-10-01','10:30:00','11:00:00',NULL,NULL),('T008','S005','2023-10-02','11:00:00','11:30:00',NULL,NULL),('T008','S005','2023-10-29','19:00:00','00:00:00','19:00:00','00:00:00'),('T008','S005','2023-10-16','20:00:00','00:00:00','20:00:00','00:00:00'),('T008','S010','2023-06-08','16:00:00','16:15:00','16:05:00','16:20:00'),('T008','S013','2023-06-08','18:00:00','18:15:00','18:05:00','18:20:00'),('T008','S018','2023-06-08','20:00:00','20:15:00','20:05:00','20:20:00'),('T008','S021','2023-06-08','22:00:00','22:15:00','22:05:00','22:20:00'),('T008','S024','2023-06-08','00:00:00','00:15:00','00:05:00','00:20:00'),('T008','S035','2023-06-08','02:00:00','02:15:00','02:05:00','02:20:00'),('T008','S038','2023-06-08','04:00:00','04:15:00','04:05:00','04:20:00'),('T009','S003','2023-06-09','10:30:00','10:45:00','10:35:00','10:50:00'),('T009','S011','2023-06-09','12:30:00','12:45:00','12:35:00','12:50:00'),('T009','S014','2023-06-09','14:30:00','14:45:00','14:35:00','14:50:00'),('T009','S017','2023-06-09','16:30:00','16:45:00','16:35:00','16:50:00'),('T009','S022','2023-06-09','18:30:00','18:45:00','18:35:00','18:50:00'),('T009','S027','2023-06-09','20:30:00','20:45:00','20:35:00','20:50:00'),('T009','S030','2023-06-09','22:30:00','22:45:00','22:35:00','22:50:00'),('T011','S005','2023-06-10','08:00:00','08:15:00','08:05:00','08:20:00'),('T011','S012','2023-06-10','10:00:00','10:15:00','10:05:00','10:20:00'),('T011','S015','2023-06-10','12:00:00','12:15:00','12:05:00','12:20:00'),('T011','S021','2023-06-10','14:00:00','14:15:00','14:05:00','14:20:00'),('T011','S026','2023-06-10','16:00:00','16:15:00','16:05:00','16:20:00'),('T011','S033','2023-06-10','18:00:00','18:15:00','18:05:00','18:20:00'),('T011','S036','2023-06-10','20:00:00','20:15:00','20:05:00','20:20:00'),('T011','S039','2023-06-10','22:00:00','22:15:00','22:05:00','22:20:00'),('T012','S002','2023-06-11','08:30:00','08:45:00','08:35:00','08:50:00'),('T012','S008','2023-06-11','10:30:00','10:45:00','10:35:00','10:50:00'),('T012','S014','2023-06-11','12:30:00','12:45:00','12:35:00','12:50:00'),('T012','S019','2023-06-11','14:30:00','14:45:00','14:35:00','14:50:00'),('T012','S025','2023-06-11','16:30:00','16:45:00','16:35:00','16:50:00'),('T012','S030','2023-06-11','18:30:00','18:45:00','18:35:00','18:50:00'),('T012','S034','2023-06-11','20:30:00','20:45:00','20:35:00','20:50:00'),('T012','S040','2023-06-11','22:30:00','22:45:00','22:35:00','22:50:00'),('T013','S004','2023-06-12','14:00:00','14:15:00','14:05:00','14:20:00'),('T013','S010','2023-06-12','16:00:00','16:15:00','16:05:00','16:20:00'),('T013','S013','2023-06-12','18:00:00','18:15:00','18:05:00','18:20:00'),('T013','S018','2023-06-12','20:00:00','20:15:00','20:05:00','20:20:00'),('T013','S022','2023-06-12','22:00:00','22:15:00','22:05:00','22:20:00'),('T013','S027','2023-06-12','00:00:00','00:15:00','00:05:00','00:20:00'),('T013','S032','2023-06-12','02:00:00','02:15:00','02:05:00','02:20:00'),('T013','S035','2023-06-12','04:00:00','04:15:00','04:05:00','04:20:00');
/*!40000 ALTER TABLE `trainstationschedule` ENABLE KEYS */;
UNLOCK TABLES;

--
-- Table structure for table `travelagents`
--

DROP TABLE IF EXISTS `travelagents`;
/*!40101 SET @saved_cs_client     = @@character_set_client */;
/*!50503 SET character_set_client = utf8mb4 */;
CREATE TABLE `travelagents` (
  `TA_id` varchar(50) NOT NULL,
  `TA_name` varchar(60) DEFAULT NULL,
  `TA_Phone_no` double DEFAULT NULL,
  PRIMARY KEY (`TA_id`)
) ENGINE=InnoDB DEFAULT CHARSET=utf8mb4 COLLATE=utf8mb4_0900_ai_ci;
/*!40101 SET character_set_client = @saved_cs_client */;

--
-- Dumping data for table `travelagents`
--

LOCK TABLES `travelagents` WRITE;
/*!40000 ALTER TABLE `travelagents` DISABLE KEYS */;
INSERT INTO `travelagents` VALUES ('TA001','Rahul Travels',9876543210),('TA002','Shreya Tours',8765432109),('TA003','Vikram Voyages',7654321098),('TA004','Neha Getaways',6543210987),('TA005','Amit Holidays',5432109876),('TA006','Priya Journeys',4321098765),('TA007','Kunal Expeditions',3216549870),('TA008','Sneha Trips',2109876543),('TA009','Aryan Travel Hub',1098765432),('TA010','Anjali Explorers',8901234567),('TA011','Ravi Tour Planners',6789012345),('TA012','Megha Travel Services',5678901234),('TA013','Suresh Vacation Ventures',4567890123),('TA014','Deepa Escapes',3456789012),('TA015','Amita Dream Destinations',2345678901),('TA016','Krish Adventure Tours',1234567890),('TA017','Swati Treks',8765432109),('TA018','Rahul Wanderlust',7654321098),('TA019','Sarika Odyssey',6543210987),('TA020','Alok Travelpoint',5432109876);
/*!40000 ALTER TABLE `travelagents` ENABLE KEYS */;
UNLOCK TABLES;
/*!40103 SET TIME_ZONE=@OLD_TIME_ZONE */;

/*!40101 SET SQL_MODE=@OLD_SQL_MODE */;
/*!40014 SET FOREIGN_KEY_CHECKS=@OLD_FOREIGN_KEY_CHECKS */;
/*!40014 SET UNIQUE_CHECKS=@OLD_UNIQUE_CHECKS */;
/*!40101 SET CHARACTER_SET_CLIENT=@OLD_CHARACTER_SET_CLIENT */;
/*!40101 SET CHARACTER_SET_RESULTS=@OLD_CHARACTER_SET_RESULTS */;
/*!40101 SET COLLATION_CONNECTION=@OLD_COLLATION_CONNECTION */;
/*!40111 SET SQL_NOTES=@OLD_SQL_NOTES */;

-- Dump completed on 2023-11-15 18:21:49
